feature,chi2_stat,anova_f,mw_u,score
PREDICT_original_tf_GLCM_energyd3.0A0.0,0.0013662282337721346,0.0007240717222185354,0.8833452608636079,462.8333333333333
PREDICT_original_tf_GLCM_energyd3.0A2.36,4.367399087742811e-05,0.0009303778444172312,0.7755259869789234,460.5
PREDICT_original_tf_Gabor_min_F0.05_A1.57,0.0010536196110615815,0.06828758888477808,0.9966692141055096,458.0
PREDICT_original_tf_GLCM_energyd3.0A1.57,0.00011716450127242188,0.007325261827099101,0.6300071053556544,450.3333333333333
PREDICT_original_logf_quartile_range_sigma1,0.03334212914754074,0.001954434125793826,0.8075197834294419,443.6666666666667
PREDICT_original_tf_Gabor_std_F0.05_A2.36,0.00027430568350845206,0.050608007468303656,0.6065958562827862,442.3333333333333
PREDICT_original_logf_kurtosis_sigma1,0.06826192368063781,0.013811790335613656,0.9184121637289367,440.3333333333333
PREDICT_original_tf_Gabor_min_F0.2_A1.57,0.00017985459439765085,0.09659811578182088,0.662773051406832,440.3333333333333
PREDICT_original_tf_GLCM_ASMd1.0A0.0,0.0030436088597582175,0.020797561123086495,0.5572578539929142,437.6666666666667
"PREDICT_original_vf_Frangi_inner_quartile_range_SR(1.0, 10.0)_SS2.0",0.03672439503312773,0.04778820781896185,0.7968164729350267,435.8333333333333
PREDICT_original_tf_GLCM_ASMd1.0A2.36,0.025402082154342615,0.0006534370122160656,0.5969572834241492,435.5
PREDICT_original_tf_GLCM_energyd3.0A0.79,0.07130156424592982,0.03828059163695313,0.9162151030661845,435.5
PREDICT_original_tf_Gabor_quartile_range_F0.2_A1.57,0.05688421876319548,0.061111442970772034,0.8248985617954052,430.0
PREDICT_original_tf_Gabor_peak_position_F0.2_A1.57,0.16056818434620374,0.012008358350459988,0.9104013984183433,426.3333333333333
PREDICT_original_tf_Gabor_peak_position_F0.2_A0.0,0.01727978655585484,0.18115486929722568,0.7311254468701347,426.0
PREDICT_original_tf_Gabor_min_F0.05_A2.36,0.03735080991372498,0.20839908797613013,0.8405282095856261,425.0
PREDICT_original_tf_GLCMMS_homogeneityd1.0A0.79mean,0.14550601709668404,0.025376423954054938,0.8724302866097073,424.8333333333333
PREDICT_original_tf_GLCM_homogeneityd1.0A1.57,0.14550601709668384,0.025376423954055708,0.8724302866097073,424.8333333333333
PREDICT_original_logf_median_sigma10,0.10941894337726432,0.06683901278976219,0.8702500727411151,424.0
PREDICT_original_logf_quartile_range_sigma5,0.02604278466559764,0.05562406120230204,0.5854838971201115,422.6666666666667
PREDICT_original_tf_Gabor_peak_position_F0.05_A0.0,0.04576089162762664,0.2485182173991612,0.8450272775556704,421.0
"PREDICT_original_vf_Frangi_full_max_SR(1.0, 10.0)_SS2.0",0.0002898887641276639,0.3323078283920368,0.5873890025667056,419.5
"PREDICT_original_vf_Frangi_edge_max_SR(1.0, 10.0)_SS2.0",0.0002898887641276639,0.3323078283920368,0.5873890025667056,419.5
PREDICT_original_tf_GLCM_ASMd1.0A0.79,0.09114848030397724,0.001379273205951246,0.542479844369036,414.5
PREDICT_original_logf_peak_position_sigma1,0.3095896130476491,0.05428794895371037,0.9610954699255746,414.3333333333333
PREDICT_original_tf_LBP_range_R8_P24,0.000495547528438515,0.4373221733655372,0.5873495375102951,412.8333333333333
PREDICT_original_tf_GLCM_ASMd1.0A1.57,0.004266153730163563,0.034013979787895464,0.3069835450085352,412.1666666666667
PREDICT_original_tf_Gabor_min_F0.05_A0.0,0.007733163478314254,0.686507212960454,0.8271767139388599,410.3333333333333
PREDICT_original_tf_Gabor_skewness_F0.2_A1.57,0.08765134274460587,0.000575332409282348,0.4733504660142752,410.3333333333333
PREDICT_original_tf_Gabor_range_F0.05_A2.36,0.001167604189773153,0.0986093791305942,0.3432233544682226,410.0
PREDICT_original_tf_GLCMMS_homogeneityd1.0A0.0std,0.02986774708066784,0.1503202842016748,0.5153082206144377,408.5
PREDICT_original_tf_GLCM_homogeneityd1.0A0.79,0.029867747080667285,0.15032028420167604,0.5153082206144377,408.5
PREDICT_original_tf_Gabor_range_F0.2_A0.79,0.25773278749201045,0.007979737702701006,0.6799247742341519,407.3333333333333
PREDICT_original_tf_Gabor_std_F0.2_A1.57,0.33483952347658474,0.14340944442239562,0.9712900621071127,405.6666666666667
PREDICT_original_tf_GLCM_energyd1.0A0.79,0.06965057705984332,0.09956719219726565,0.542479844369036,404.5
PREDICT_original_tf_GLCM_ASMd3.0A0.0,0.34104823541673635,0.0950118200686619,0.8833452608636079,404.1666666666667
PREDICT_original_tf_Gabor_peak_position_F0.05_A2.36,0.003728391667273721,0.6133366963952489,0.5883286894717439,403.3333333333333
PREDICT_original_tf_Gabor_median_F0.5_A1.57,0.0046881525386754126,0.8113207547102838,0.8147809615379265,403.1666666666667
PREDICT_original_tf_Gabor_peak_F0.5_A1.57,0.0046881525386754126,0.8113207547102838,0.8147809615379265,403.1666666666667
PREDICT_original_logf_min_sigma5,0.03958899630034088,0.7747093614476221,0.9668755177710737,403.0
PREDICT_original_sf_cvar_std_2.5D,0.10629438155325777,0.020916257580951905,0.45476683408514074,400.6666666666667
PREDICT_original_logf_range_sigma1,0.2657605180360363,0.08360621580824802,0.6860662457084361,399.6666666666667
PREDICT_original_tf_GLCM_energyd1.0A2.36,0.13875636800233393,0.12731547317007283,0.5969572834241492,399.5
PREDICT_original_logf_min_sigma1,0.49359259030480973,0.03368862828738748,0.7925457036886614,399.0
PREDICT_original_logf_min_sigma10,0.008546781464912133,0.7020676375859999,0.6300071053556544,397.6666666666667
PREDICT_original_logf_peak_sigma10,0.12848005347120017,0.2528584194176374,0.6819993491049229,396.0
PREDICT_original_tf_GLCM_dissimilarityd3.0A0.79,0.04788202485830707,0.31445212980060233,0.5388161035143065,395.5
PREDICT_original_tf_GLCMMS_dissimilarityd1.0A1.57std,0.04788202485830781,0.3144521298006027,0.5388161035143065,394.8333333333333
PREDICT_original_tf_GLCMMS_homogeneityd1.0A0.0mean,0.07040699903927591,0.133322502491216,0.46147652928157623,394.6666666666667
PREDICT_original_tf_GLCM_dissimilarityd3.0A1.57,2.0318238284301786e-06,0.5755988055318848,0.37268618509725404,394.5
PREDICT_original_tf_GLCM_homogeneityd1.0A0.0,0.07040699903927594,0.133322502491216,0.46147652928157623,394.3333333333333
PREDICT_original_tf_GLCMMS_dissimilarityd1.0A2.36mean,2.031823828432503e-06,0.5755988055318862,0.37268618509725404,393.8333333333333
PREDICT_original_tf_GLCM_ASMd3.0A2.36,0.41033709385597295,0.09478301204186478,0.7755259869789234,393.5
PREDICT_original_tf_GLCM_homogeneityd1.0A2.36,0.0248341176764388,0.2891172675265823,0.4252626301905099,393.3333333333333
PREDICT_original_tf_GLCMMS_homogeneityd1.0A0.79std,0.024834117676439102,0.2891172675265823,0.4252626301905099,393.0
PREDICT_original_tf_GLCM_dissimilarityd3.0A0.0,0.042050225380970245,0.42465266546113145,0.5242862944834019,390.8333333333333
PREDICT_original_tf_GLCMMS_dissimilarityd1.0A1.57mean,0.04205022538097157,0.4246526654611311,0.5242862944834019,390.8333333333333
PREDICT_original_tf_Gabor_peak_position_F0.5_A0.0,0.05419418567021286,0.17607634911703113,0.4058326639463654,390.3333333333333
PREDICT_original_tf_LBP_range_R15_P36,0.008495873151135543,0.4442102374384322,0.4517059414185187,389.8333333333333
PREDICT_original_tf_Gabor_range_F0.05_A1.57,0.3877357774059035,0.16122721073126534,0.7699367209634123,389.0
PREDICT_original_tf_Gabor_skewness_F0.5_A0.0,0.3054532562752666,0.5027114894764874,0.9801216549773664,388.0
PREDICT_original_tf_Gabor_peak_position_F0.05_A1.57,0.19322103327779105,0.3476286476188133,0.6886790505156106,386.3333333333333
PREDICT_original_tf_GLCM_dissimilarityd3.0A2.36,0.0008984791818058027,0.6662809476639934,0.349402527565302,385.3333333333333
PREDICT_original_tf_GLCMMS_dissimilarityd1.0A2.36std,0.0008984791818057029,0.666280947663996,0.349402527565302,385.3333333333333
"PREDICT_original_vf_Frangi_edge_quartile_range_SR(1.0, 10.0)_SS2.0",0.7500970574889991,0.04019247204486834,0.6881030450568217,383.3333333333333
"PREDICT_original_vf_Frangi_full_quartile_range_SR(1.0, 10.0)_SS2.0",0.7500970574889991,0.04019247204486834,0.6881030450568217,383.3333333333333
PREDICT_original_logf_skewness_sigma1,1.1278307573736388,0.11173561688869656,0.9580496089688872,383.0
PREDICT_original_logf_max_sigma1,0.2359895107655562,0.1610482055933603,0.5333438514184323,382.3333333333333
PREDICT_original_tf_GLCM_energyd1.0A0.0,0.25312800892606224,0.18820027777718049,0.5572578539929142,382.3333333333333
PREDICT_original_tf_GLCM_ASMd3.0A1.57,0.5109852730027036,0.09047439210646034,0.6300071053556544,381.6666666666667
PREDICT_original_tf_Gabor_min_F0.5_A1.57,0.42286802813031554,0.049169805865143495,0.5105924011286763,380.3333333333333
PREDICT_original_tf_GLCM_ASMd3.0A0.79,0.7921815343967763,0.22646385004640884,0.9162151030661845,379.8333333333333
PREDICT_original_phasef_monogenic_peak_position_WL3_N5,0.001125586031836833,0.939685327402046,0.4755452704054888,377.8333333333333
PREDICT_original_phasef_monogenic_peak_WL3_N5,0.00112558603183673,0.9396853274020465,0.4755452704054888,377.8333333333333
PREDICT_original_tf_Gabor_std_F0.05_A1.57,1.0029719611989376,0.18947054179775946,0.861539545869975,374.0
PREDICT_original_tf_Gabor_range_F0.2_A1.57,0.23377343971512982,0.002578076874390047,0.2276853458462026,372.6666666666667
PREDICT_original_tf_Gabor_skewness_F0.2_A0.0,0.023529905113095866,0.08791333515980394,0.11329048315813263,370.3333333333333
PREDICT_original_tf_Gabor_range_F0.5_A1.57,0.004987122815885054,0.43264049916366076,0.17794125560482876,368.6666666666667
"PREDICT_original_vf_Frangi_edge_range_SR(1.0, 10.0)_SS2.0",0.07525289853102321,0.6802890147597954,0.4733504660142752,368.0
"PREDICT_original_vf_Frangi_full_range_SR(1.0, 10.0)_SS2.0",0.07525289853102321,0.6802890147597954,0.4733504660142752,368.0
PREDICT_original_tf_Gabor_skewness_F0.5_A1.57,0.2835354949135923,0.2198974532934893,0.45309803853701913,368.0
PREDICT_original_tf_Gabor_min_F0.5_A0.79,0.46228431574291173,0.283905804849338,0.5684665741666295,367.6666666666667
PREDICT_original_tf_LBP_quartile_range_R15_P36,1.2314405061639313,0.3067574534946868,0.9165335211805885,367.6666666666667
PREDICT_original_sf_prax_avg_2.5D,0.7547849759728693,0.2964699407730348,0.7797711702451471,367.3333333333333
PREDICT_original_tf_LBP_median_R15_P36,0.0003952590378812907,0.9783790170132332,0.32791674165378937,365.1666666666667
PREDICT_original_logf_std_sigma5,1.7218766161851522,0.16567417666372378,0.8247194776769982,362.0
PREDICT_original_tf_Gabor_quartile_range_F0.5_A2.36,0.011083153881888819,0.7436817077511825,0.2552190835110326,361.6666666666667
PREDICT_original_tf_Gabor_quartile_range_F0.5_A1.57,0.05398305567477377,0.46881558912685073,0.24587364329798067,361.3333333333333
PREDICT_original_tf_Gabor_std_F0.2_A0.0,0.9711929436306421,0.06644507832477956,0.4871239913868892,361.0
PREDICT_original_tf_LBP_median_R3_P12,0.16711834464053008,0.2929202607190023,0.3084191713933353,360.6666666666667
PREDICT_original_tf_Gabor_min_F0.05_A0.79,0.11994834116093134,0.6194239539198158,0.4229151832491771,359.3333333333333
PREDICT_original_tf_Gabor_std_F0.5_A1.57,0.10078586567089232,0.244566842893024,0.18388952137353232,359.3333333333333
PREDICT_original_tf_LBP_std_R3_P12,0.15935988787452465,0.8373868456339265,0.5912077953817394,358.6666666666667
PREDICT_original_tf_Gabor_std_F0.2_A0.79,1.19359722252742,0.4761712743399051,0.9140186822079485,358.3333333333333
PREDICT_original_tf_LBP_quartile_range_R8_P24,0.3746922063416652,0.24677019999191568,0.36867684913242815,357.3333333333333
PREDICT_original_tf_GLCMMS_dissimilarityd1.0A0.79std,0.021680126034533533,0.9215847194627046,0.34372909603812474,357.3333333333333
PREDICT_original_tf_GLCM_dissimilarityd1.0A2.36,0.021680126034534022,0.9215847194627046,0.34372909603812474,357.0
PREDICT_original_tf_GLCMMS_correlationd3.0A2.36mean,0.05875530258670451,0.5311762578232487,0.2426850565746178,357.0
PREDICT_original_tf_GLCM_energyd1.0A1.57,0.201751713187249,0.32159529482604204,0.3069835450085352,356.5
PREDICT_original_tf_GLCMMS_correlationd3.0A1.57mean,0.004788176103185356,0.8858871503748014,0.26455034898240926,356.3333333333333
PREDICT_original_tf_Gabor_median_F0.5_A0.0,0.21672974357614644,0.7798300433654982,0.5496809584432032,355.5
PREDICT_original_tf_Gabor_peak_F0.5_A0.0,0.21672974357614644,0.7798300433654982,0.5496809584432032,355.5
PREDICT_original_tf_Gabor_max_F0.2_A1.57,0.05772328489917311,0.1118139291811494,0.11031509145503599,355.3333333333333
"PREDICT_original_vf_Frangi_full_std_SR(1.0, 10.0)_SS2.0",0.11519953777550898,0.8068837121000971,0.4716439664907779,354.3333333333333
"PREDICT_original_vf_Frangi_edge_std_SR(1.0, 10.0)_SS2.0",0.11519953777550898,0.8068837121000971,0.4716439664907779,354.3333333333333
PREDICT_original_tf_Gabor_skewness_F0.05_A2.36,2.605584176666593,0.15609335066695526,0.7989541499867007,353.6666666666667
PREDICT_original_tf_GLCM_homogeneityd3.0A2.36,0.013391043538330729,0.8786822522933955,0.23714848066730132,350.6666666666667
PREDICT_original_tf_GLCMMS_homogeneityd1.0A2.36std,0.013391043538331308,0.8786822522933962,0.23714848066730132,350.0
PREDICT_original_tf_Gabor_max_F0.05_A0.0,1.3629864711156703,0.33530307489913863,0.7036723544019077,350.0
PREDICT_original_tf_Gabor_max_F0.05_A1.57,1.108598410044174,0.4876146072075219,0.6840950001553975,347.3333333333333
PREDICT_original_logf_std_sigma10,2.4684770371797855,0.35583188857214454,0.8746114079300704,346.6666666666667
PREDICT_original_tf_GLCMMS_correlationd3.0A2.36std,0.05183249428316071,0.7634926480316172,0.2138490594533755,345.0
PREDICT_original_tf_Gabor_min_F0.2_A0.0,0.4641082867446973,0.24898727847320276,0.28340217780678945,344.0
PREDICT_original_tf_GLCM_dissimilarityd1.0A0.0,0.1142811706579073,0.8733331298747711,0.3609265827866547,343.5
PREDICT_original_tf_GLCMMS_dissimilarityd1.0A0.0mean,0.11428117065790785,0.8733331298747737,0.3609265827866547,342.8333333333333
PREDICT_original_tf_Gabor_std_F0.2_A2.36,1.4225003760876724,0.00011264031400575973,0.23386969520243828,339.0
PREDICT_original_hf_skewness,0.6257020997883267,0.7962727455413475,0.6280414685612671,338.6666666666667
PREDICT_original_phasef_phasecong_quartile_range_WL3_N5,0.12790310914408606,0.18025587143953573,0.09655434667133363,337.3333333333333
PREDICT_original_tf_Gabor_min_F0.2_A2.36,1.3694961341906868,0.03842512502686268,0.2448635037734439,334.6666666666667
PREDICT_original_tf_Gabor_skewness_F0.5_A0.79,0.1433854116223716,0.4474261051283286,0.14763969574484956,334.5
PREDICT_original_tf_GLCM_homogeneityd3.0A1.57,0.12796701937958943,0.899127724136982,0.2991849290641482,333.1666666666667
PREDICT_original_tf_Gabor_range_F0.05_A0.0,1.8659821104690675,0.5085993078128661,0.6564507533462027,332.6666666666667
PREDICT_original_tf_GLCMMS_homogeneityd1.0A2.36mean,0.12796701937959118,0.8991277241369837,0.2991849290641482,332.5
PREDICT_original_tf_GLCMMS_contrastd1.0A1.57std,0.0007620388187756258,1.8219347014023997,0.17846866490897628,332.1666666666667
PREDICT_original_tf_GLCM_contrastd3.0A0.79,0.0007620388187758041,1.8219347014024,0.17846866490897628,331.5
PREDICT_original_tf_GLCMMS_correlationd3.0A1.57std,0.0036136074400375394,1.5560352840380665,0.17056164152979558,330.6666666666667
PREDICT_original_tf_GLCM_correlationd3.0A0.79,2.5919550381385217,0.4914164893029549,0.6698549449952858,327.6666666666667
PREDICT_original_logf_quartile_range_sigma10,1.885738758370271,0.7318474015703252,0.7065345726501846,327.3333333333333
PREDICT_original_tf_Gabor_quartile_range_F0.5_A0.79,0.18579295004131866,0.7977542133795583,0.22996407621891002,327.3333333333333
PREDICT_original_tf_GLCMMS_homogeneityd1.0A1.57mean,0.026568867432879197,1.1276584915563614,0.1645954520837477,327.1666666666667
PREDICT_original_tf_GLCM_homogeneityd3.0A0.0,0.026568867432879485,1.1276584915563603,0.1645954520837477,327.1666666666667
PREDICT_original_tf_Gabor_quartile_range_F0.2_A2.36,0.32106086036801584,1.0013197586888811,0.4579320293443684,326.6666666666667
PREDICT_original_tf_GLCM_dissimilarityd1.0A0.79,0.08510915857185843,1.2639186201772716,0.25866885947439733,325.5
PREDICT_original_tf_GLCMMS_dissimilarityd1.0A0.0std,0.08510915857185936,1.2639186201772772,0.25866885947439733,324.8333333333333
PREDICT_original_tf_Gabor_max_F0.05_A0.79,0.21024804474004805,0.5778424391232165,0.13925238628766748,323.0
PREDICT_original_tf_Gabor_peak_F0.05_A1.57,0.06487544478299434,2.1251613409496524,0.377752937439334,323.0
PREDICT_original_hf_max,0.010334386503776605,0.7821905148924242,0.057504659746907175,319.6666666666667
"PREDICT_original_vf_Frangi_inner_kurtosis_SR(1.0, 10.0)_SS2.0",0.4977594091298325,0.08621941081140573,0.0821033448576843,319.3333333333333
PREDICT_original_logf_mean_sigma1,0.3711911873025419,0.7108373527428794,0.20779136436487944,319.0
PREDICT_original_tf_GLCMMS_contrastd1.0A1.57mean,0.004613973643671816,1.9998229929086995,0.16208716645842525,318.5
PREDICT_original_tf_Gabor_max_F0.5_A1.57,0.009972479438246834,0.8475736535912785,0.06458561324877903,318.0
PREDICT_original_tf_GLCM_contrastd3.0A0.0,0.004613973643671922,1.9998229929087004,0.16208716645842525,317.8333333333333
PREDICT_original_logf_std_sigma1,3.3893963983244833,0.2681410672663361,0.49060088753861564,317.6666666666667
PREDICT_original_phasef_phasecong_std_WL3_N5,0.3065651037766778,0.39686415832254557,0.1126614287122233,317.6666666666667
PREDICT_original_tf_GLCM_correlationd3.0A0.0,3.3809487233820033,0.6304272932185343,0.6881030450568217,317.0
PREDICT_original_of_theta_z,0.7174305377168293,0.9265835465674355,0.47506035649231126,316.3333333333333
PREDICT_original_tf_Gabor_range_F0.05_A0.79,0.4531348111450715,0.6786809914895513,0.19991088696325443,315.6666666666667
PREDICT_original_sf_solidity_std_2.5D,1.3280274095761206,0.006950551763275789,0.10064946131269596,313.6666666666667
PREDICT_original_phasef_monogenic_skewness_WL3_N5,0.010070210698815767,1.7084368329918653,0.134197745067347,313.3333333333333
PREDICT_original_tf_Gabor_range_F0.2_A0.0,0.11591950572868825,0.6732934870977455,0.08925465125571277,313.3333333333333
PREDICT_original_phasef_phasecong_skewness_WL3_N5,0.002666160710025783,0.7529416629068504,0.014391378079913943,311.5
PREDICT_original_logf_range_sigma10,5.43470717932434,0.7165124061680052,0.9867470082183171,311.3333333333333
"PREDICT_original_vf_Frangi_full_kurtosis_SR(1.0, 10.0)_SS2.0",0.11268184158332215,0.3609530454105891,0.0361048051622469,310.5
"PREDICT_original_vf_Frangi_edge_kurtosis_SR(1.0, 10.0)_SS2.0",0.11268184158332215,0.3609530454105891,0.0361048051622469,310.5
PREDICT_original_tf_Gabor_kurtosis_F0.5_A0.0,0.7290405310526638,0.3395102847818114,0.1484156037920338,310.3333333333333
PREDICT_original_tf_Gabor_min_F0.5_A0.0,0.34077577948620985,1.0931454694149314,0.282160151245041,310.0
"PREDICT_original_vf_Frangi_edge_skewness_SR(1.0, 10.0)_SS2.0",0.003231775065195867,1.4471718507005331,0.0697764069106904,309.8333333333333
"PREDICT_original_vf_Frangi_full_skewness_SR(1.0, 10.0)_SS2.0",0.003231775065195867,1.4471718507005331,0.0697764069106904,309.8333333333333
PREDICT_original_tf_Gabor_std_F0.05_A0.0,1.250746142568572,0.8361287153625875,0.4716439664907779,309.6666666666667
PREDICT_original_logf_kurtosis_sigma10,3.4183245874761656,0.2849640839804873,0.4317207524238137,309.0
PREDICT_original_tf_GLCMMS_correlationd3.0A0.79std,0.004093256590915945,1.8367259231958575,0.1053256956500158,308.6666666666667
PREDICT_original_logf_skewness_sigma10,0.03875455919932996,1.5178627696206861,0.1244131906810106,308.5
"PREDICT_original_vf_Frangi_inner_mean_SR(1.0, 10.0)_SS2.0",3.4077365954593763,0.8854124683176735,0.8376751907268073,308.3333333333333
PREDICT_original_tf_Gabor_quartile_range_F0.2_A0.0,3.7048360063893497,0.7293557966348303,0.7018216348124482,307.6666666666667
"PREDICT_original_vf_Frangi_inner_skewness_SR(1.0, 10.0)_SS2.0",0.04467547045504702,1.0694143808390546,0.09614019643175259,307.3333333333333
PREDICT_original_phasef_phasecong_kurtosis_WL3_N5,0.2700405471933296,0.05507770330556323,0.012133085987081575,307.0
PREDICT_original_logf_energy_sigma5,0.27396439827857433,0.024243613527028654,0.008330594904692177,306.8333333333333
PREDICT_original_tf_Gabor_skewness_F0.5_A2.36,3.265030885812209,1.2927117006865259,0.9977910692797822,306.6666666666667
PREDICT_original_tf_Gabor_max_F0.05_A2.36,0.6526241277166218,0.7116209550511907,0.20932752394179566,305.6666666666667
PREDICT_original_phasef_phasesym_range_WL3_N5,0.992124634536679,0.9799409012757412,0.4580671542191628,305.5
PREDICT_original_phasef_phasesym_max_WL3_N5,0.992124634536679,0.9799409012757412,0.4580671542191628,305.5
PREDICT_original_tf_LBP_min_R15_P36,3.1912858597088083,0.4442102374384308,0.4517059414185187,304.8333333333333
PREDICT_original_tf_GLCM_contrastd3.0A1.57,0.02119824832279423,2.1561226271456477,0.13564283423574655,304.5
PREDICT_original_of_theta_x,1.5706891990847345,1.1752630723581647,0.6163033772960509,304.3333333333333
PREDICT_original_tf_LBP_min_R8_P24,4.77562231168857,0.4373221733655368,0.5873495375102951,303.8333333333333
PREDICT_original_tf_GLCMMS_contrastd1.0A2.36mean,0.021198248322795196,2.1561226271456504,0.13564283423574655,303.8333333333333
PREDICT_original_tf_GLCM_correlationd3.0A2.36,3.6632778272718247,0.7669779163909022,0.6378957679411839,302.0
PREDICT_original_sf_convexity_std_2.5D,0.08787195314266656,0.43018046996299125,0.014726435584294512,301.3333333333333
PREDICT_original_phasef_monogenic_max_WL3_N5,0.49980151220220664,0.819218490103894,0.17477441801264182,301.0
PREDICT_original_tf_LBP_energy_R3_P12,0.3268067561635791,0.0029243865172599083,0.00474494923265799,300.6666666666667
PREDICT_original_tf_Gabor_peak_F0.05_A0.79,3.3933897406604494,0.9417753952837568,0.7627327622403376,300.3333333333333
PREDICT_original_sf_evar_std_2.5D,3.478722505871133,0.41857527135153816,0.390764829113328,299.5
PREDICT_original_tf_Gabor_kurtosis_F0.5_A1.57,1.353209712472474,0.5247297393728168,0.20185910165345233,299.0
PREDICT_original_tf_LBP_skewness_R15_P36,1.586016855623738,0.22778289936432053,0.13564283423574655,298.1666666666667
PREDICT_original_tf_Gabor_max_F0.2_A0.79,0.4111383553387321,0.8335205124239861,0.13393473316692087,295.0
PREDICT_original_tf_GLCM_correlationd3.0A1.57,3.628960259563944,0.8438261731327896,0.562849712750913,291.6666666666667
PREDICT_original_tf_Gabor_range_F0.2_A2.36,0.22729544535396956,0.5922203188661671,0.03580152998683254,291.0
PREDICT_original_tf_GLCMMS_contrastd1.0A2.36std,0.04974066836399786,2.3990124894226184,0.14005025480263625,290.8333333333333
PREDICT_original_phasef_monogenic_range_WL3_N5,0.4523679701380639,1.1124468010990962,0.1663148322198209,290.6666666666667
PREDICT_original_tf_GLCM_contrastd3.0A2.36,0.04974066836399786,2.3990124894226215,0.14005025480263625,290.5
PREDICT_original_phasef_phasecong_range_WL3_N5,0.5834109805571108,0.6627940004781286,0.09725206832340862,290.1666666666667
PREDICT_original_phasef_phasecong_max_WL3_N5,0.5834109805571108,0.6627940004781286,0.09725206832340862,290.1666666666667
PREDICT_original_tf_LBP_kurtosis_R15_P36,3.226666670725453,0.1538106047000654,0.13564283423574655,288.8333333333333
PREDICT_original_tf_GLCMMS_correlationd3.0A0.0std,0.026273422956102084,2.248416719228489,0.10180271742087,288.6666666666667
PREDICT_original_logf_max_sigma10,6.402980879062991,0.7220457926568891,0.6921834252240922,288.3333333333333
PREDICT_original_tf_Gabor_max_F0.2_A2.36,0.005198803099818582,1.2455596369476345,0.016682144135407216,288.0
PREDICT_original_phasef_phasecong_mean_WL3_N5,0.2358749360619792,0.720507029289868,0.04385657790742278,287.0
PREDICT_original_logf_peak_sigma5,0.6231774284421825,1.2934786296236807,0.23714848066730132,286.6666666666667
PREDICT_original_tf_Gabor_energy_F0.05_A1.57,0.39179941980997357,0.003170821066495236,0.0026181071661423565,286.6666666666667
PREDICT_original_tf_Gabor_quartile_range_F0.2_A0.79,0.04010756661824822,1.8921776981018192,0.0696625616114276,285.6666666666667
PREDICT_original_tf_Gabor_std_F0.05_A0.79,0.9105010213427341,1.054089771295618,0.21283069227436047,284.6666666666667
PREDICT_original_tf_GLCMMS_homogeneityd1.0A1.57std,0.22430502322960227,1.579924058730716,0.1237361676986966,283.5
PREDICT_original_tf_GLCM_homogeneityd3.0A0.79,0.22430502322960474,1.57992405873072,0.1237361676986966,282.8333333333333
PREDICT_original_tf_LBP_skewness_R3_P12,0.6842115165821934,1.193083107868943,0.19509533161907622,281.6666666666667
PREDICT_original_tf_Gabor_peak_position_F0.05_A0.79,2.9848451537694913,1.1885872888363045,0.5090155751354775,281.3333333333333
PREDICT_original_tf_Gabor_energy_F0.05_A0.79,0.24201525943834684,0.3326596956228079,0.006500145817705782,279.6666666666667
PREDICT_original_logf_range_sigma5,7.3449488201626565,0.8202234067868385,0.790412642010427,277.3333333333333
PREDICT_original_logf_max_sigma5,7.0450087981412555,0.85833190068003,0.7968164729350267,277.1666666666667
PREDICT_original_tf_GLCM_contrastd1.0A0.0,0.1539100016348628,2.393015994957497,0.13930812920974173,275.5
PREDICT_original_tf_Gabor_std_F0.5_A0.79,0.3301665805656376,1.2820123432883523,0.09893912545558553,275.3333333333333
PREDICT_original_tf_GLCMMS_contrastd1.0A0.0mean,0.15391000163486468,2.3930159949575005,0.13930812920974173,274.8333333333333
PREDICT_original_logf_kurtosis_sigma5,9.582499208499495,0.8701298061091185,0.8877175789905946,274.6666666666667
PREDICT_original_phasef_monogenic_energy_WL3_N5,2.1261385919403697,0.32976872213867386,0.08456932729706525,274.0
PREDICT_original_tf_GLCM_contrastd1.0A2.36,0.087013823606031,2.639605571434427,0.1237361676986966,273.6666666666667
PREDICT_original_tf_GLCMMS_contrastd1.0A0.79std,0.08701382360603147,2.639605571434427,0.1237361676986966,273.3333333333333
PREDICT_original_tf_LBP_mean_R3_P12,0.7597235232424512,1.4594526757919446,0.16375612931752492,271.0
PREDICT_original_logf_skewness_sigma5,0.36290783194650933,2.4738268830951333,0.17757686926335736,267.3333333333333
PREDICT_original_sf_convexity_avg_2.5D,2.6218550799289524,0.048716788233180444,0.018611894684200356,267.3333333333333
PREDICT_original_tf_Gabor_quartile_range_F0.5_A0.0,2.215897453009438,1.4714340025654669,0.2695184924377543,265.0
PREDICT_original_tf_GLCM_correlationd1.0A0.0,2.9371759501798342,1.485816270376637,0.349402527565302,264.0
PREDICT_original_tf_Gabor_min_F0.2_A0.79,0.6805888020639516,1.988594620405586,0.15412335328946897,260.3333333333333
PREDICT_original_tf_Gabor_max_F0.2_A0.0,0.46942533357875205,1.0809593354335945,0.05590388916489771,260.0
PREDICT_original_sf_roughness_std_2.5D,0.047182745188963045,1.0673744359122024,0.0026905869018903532,257.8333333333333
PREDICT_original_tf_GLCM_correlationd1.0A2.36,3.720225152414387,1.4804928411662497,0.390764829113328,257.1666666666667
PREDICT_original_tf_GLCMMS_contrastd1.0A0.0std,0.1527646807562651,2.9845052617867913,0.11141158233301372,256.3333333333333
PREDICT_original_tf_GLCM_contrastd1.0A0.79,0.1527646807562657,2.98450526178679,0.11141158233301372,256.3333333333333
PREDICT_original_phasef_phasesym_std_WL3_N5,2.954165745852001,1.7759352283880272,0.33255982187277755,256.0
PREDICT_original_tf_LBP_kurtosis_R8_P24,0.43132601110491575,1.6048889031502016,0.06766942731341138,255.33333333333334
PREDICT_original_phasef_monogenic_min_WL3_N5,2.3787051066303655,1.3778577579574025,0.18405335320823502,255.33333333333334
PREDICT_original_sf_solidity_avg_2.5D,4.770906472871147,0.09005647624796866,0.049022640145420564,254.66666666666666
PREDICT_original_tf_GLCM_dissimilarityd1.0A1.57,0.5326355531520821,2.191719096617434,0.11583441263594559,252.83333333333334
PREDICT_original_tf_Gabor_peak_F0.05_A0.0,0.0588940626575714,2.8882614609643356,0.050160066277518185,252.33333333333334
PREDICT_original_tf_GLCMMS_dissimilarityd1.0A0.79mean,0.532635553152086,2.1917190966174376,0.11583441263594559,252.16666666666666
PREDICT_original_phasef_phasesym_skewness_WL3_N5,1.1971859718817328,1.9717223484549231,0.1587878013161983,251.83333333333334
PREDICT_original_tf_GLCMMS_correlationd3.0A0.0mean,0.0671796819039407,3.022688379151841,0.045624794506859585,248.66666666666666
PREDICT_original_phasef_monogenic_quartile_range_WL3_N5,0.5070106431868434,2.432198684114339,0.11625985380987525,247.33333333333334
PREDICT_original_logf_peak_sigma1,1.34929871840711,1.4613593933882303,0.10592198664921251,246.66666666666666
PREDICT_original_phasef_phasesym_kurtosis_WL3_N5,2.8380716331848403,1.234807486198017,0.14763969574484956,245.5
PREDICT_original_tf_Gabor_energy_F0.5_A0.0,2.2814686925912815,0.19240766818722577,0.006338644483331974,244.66666666666666
PREDICT_original_logf_median_sigma5,1.2379612879597446,1.9839147065786868,0.13134331542116803,244.33333333333334
PREDICT_original_sf_roughness_avg_2.5D,1.3879885914910994,0.26548192310406316,0.003986510974185094,243.33333333333334
PREDICT_original_tf_GLCMMS_ASMd1.0A0.0mean,0.18859094271407933,1.6424344091099223,0.008467628430294553,242.33333333333334
"PREDICT_original_vf_Frangi_inner_max_SR(1.0, 10.0)_SS2.0",0.17498165430310592,2.492856010620777,0.04049333287025686,241.0
PREDICT_original_sf_evar_avg_2.5D,8.29137551895359,1.6504616065046964,0.6398744039986448,241.0
PREDICT_original_tf_GLCM_correlationd1.0A0.79,3.9318320252614205,1.8872074112347257,0.2966150283429847,239.66666666666666
PREDICT_original_tf_LBP_mean_R8_P24,0.9631437092941253,1.794008837584312,0.07150050630969433,239.0
PREDICT_original_tf_LBP_skewness_R8_P24,1.295758561898996,1.5857737343345668,0.0891588787737223,239.0
PREDICT_original_tf_GLCMMS_ASMd1.0A0.79mean,0.31952418955115136,1.6592332627757584,0.01175804898804587,237.33333333333334
PREDICT_original_tf_GLCMMS_ASMd1.0A0.79std,0.3047718796199269,1.7040768288012589,0.010113479412622493,236.66666666666666
PREDICT_original_tf_Gabor_kurtosis_F0.2_A0.79,6.889894819796549,2.1231224749162982,0.5572578539929142,234.33333333333334
PREDICT_original_sf_area_min_2.5D,3.457176510114502,1.9783976344925918,0.21080447259225832,233.5
PREDICT_original_sf_compactness_avg_2.5D,3.653288948985937,0.31161868476132804,0.013322575030327265,233.0
PREDICT_original_tf_Gabor_energy_F0.05_A2.36,0.39706241404399134,0.5653420227185293,7.976838677452368e-05,228.33333333333334
PREDICT_original_sf_cvar_avg_2.5D,6.792554082679958,0.966460526979433,0.21080447259225832,226.83333333333334
PREDICT_original_phasef_monogenic_std_WL3_N5,0.915007630204113,2.446102412951013,0.07370456195537853,225.0
PREDICT_original_phasef_monogenic_kurtosis_WL3_N5,3.237056295744459,1.9231701332429112,0.1244131906810106,223.5
PREDICT_original_phasef_phasecong_median_WL3_N5,13.23682991957688,0.9783790170132327,0.32791674165378937,222.83333333333334
PREDICT_original_tf_Gabor_range_F0.5_A0.0,1.1784548619349113,2.5095488948495457,0.09540948020359899,222.0
PREDICT_original_tf_GLCMMS_correlationd1.0A1.57std,6.410662416498861,2.054032265501555,0.34091456651932506,220.66666666666666
PREDICT_original_tf_Gabor_energy_F0.2_A0.79,1.7569720662136676,0.09455380465823734,3.751439338157763e-05,220.66666666666666
"PREDICT_original_vf_Frangi_inner_std_SR(1.0, 10.0)_SS2.0",0.5941368031081791,3.2350503348299853,0.07325936133336058,219.66666666666666
PREDICT_original_tf_LBP_std_R15_P36,4.494660422662907,1.451432066447315,0.11141158233301372,216.0
PREDICT_original_tf_GLCMMS_ASMd1.0A0.0std,0.462497828543707,2.002991960588607,0.006891465574445297,215.66666666666666
PREDICT_original_tf_Gabor_peak_position_F0.5_A1.57,2.6475753997586766,2.479435691694706,0.1251979155815472,215.33333333333334
PREDICT_original_tf_Gabor_min_F0.5_A2.36,2.3668968429823334,2.2334701518898172,0.0889576684605987,213.66666666666666
PREDICT_original_tf_GLCMMS_energyd1.0A0.79mean,0.5278755906368907,2.4234123492868527,0.014391378079913943,213.5
PREDICT_original_logf_median_sigma1,1.56358421383712,2.2077356879011116,0.05754036217120208,213.33333333333334
PREDICT_original_tf_LBP_mean_R15_P36,13.825056967322968,1.0199317501229308,0.2517314863940342,213.0
PREDICT_original_tf_Gabor_peak_position_F0.5_A2.36,0.9283592132555556,2.6046737264139495,0.04548473397306253,212.0
PREDICT_original_hf_quartile_range,4.307064612213029,2.741626556739837,0.2361155851273532,212.0
PREDICT_original_tf_GLCMMS_energyd1.0A0.0mean,0.4016500263559485,2.6162178434119805,0.01157441501105469,211.66666666666666
PREDICT_original_tf_Gabor_kurtosis_F0.5_A0.79,11.202021192973643,2.3511302910296545,0.4836604471723308,209.66666666666666
PREDICT_original_tf_GLCMMS_correlationd1.0A0.0mean,3.841325177143875,2.675817168959751,0.17492139510037175,209.33333333333334
PREDICT_original_phasef_monogenic_mean_WL3_N5,4.3884067139022225,2.2872324093798215,0.1445670386228297,208.33333333333334
PREDICT_original_tf_Gabor_peak_F0.2_A1.57,0.5493315499923344,4.584120183849506,0.06094162877573665,208.33333333333334
PREDICT_original_tf_GLCM_contrastd1.0A1.57,0.5855090575012168,3.9788156131486083,0.055039797193993135,208.16666666666666
"PREDICT_original_vf_Frangi_inner_range_SR(1.0, 10.0)_SS2.0",0.5383897531089261,3.4445520535764333,0.03513326397391118,207.66666666666666
PREDICT_original_tf_GLCMMS_contrastd1.0A0.79mean,0.5855090575012192,3.9788156131486097,0.055039797193993135,207.5
PREDICT_original_tf_GLCMMS_ASMd1.0A2.36std,0.6684130627196533,2.1382649721605635,0.007611775928950166,207.5
PREDICT_original_tf_GLCMMS_correlationd1.0A2.36std,7.256813424578771,2.3487980628777376,0.328432464275875,206.66666666666666
"PREDICT_original_vf_Frangi_edge_mean_SR(1.0, 10.0)_SS2.0",6.227798389433897,2.724743684730319,0.26573762252424726,205.5
"PREDICT_original_vf_Frangi_full_mean_SR(1.0, 10.0)_SS2.0",6.227798389433897,2.724743684730319,0.26573762252424726,205.5
PREDICT_original_tf_GLCMMS_correlationd1.0A2.36mean,6.9615286271025045,2.4538619021856,0.33394301967950246,205.33333333333334
PREDICT_original_tf_LBP_kurtosis_R3_P12,1.3759021549817794,3.062587660574512,0.07827934814578284,204.66666666666666
PREDICT_original_tf_GLCMMS_correlationd3.0A0.79mean,0.36175009711708517,4.436873779200707,0.019896280005412183,204.66666666666666
PREDICT_original_tf_GLCMMS_energyd1.0A0.79std,0.5879838637165247,2.7160726814040426,0.01374137470405951,204.66666666666666
PREDICT_original_tf_GLCMMS_correlationd1.0A0.79std,5.048424473525891,2.8053646563693793,0.22003313255081114,204.33333333333334
PREDICT_original_sf_compactness_std_2.5D,0.49613045328510147,2.7534560071510565,0.011393330385727256,204.33333333333334
PREDICT_original_tf_Gabor_range_F0.5_A0.79,1.0090965065513928,2.76984667595736,0.04042872003115663,204.33333333333334
PREDICT_original_tf_Gabor_median_F0.5_A0.79,0.37840349820883334,6.484348022802377,0.06495649205280454,203.5
PREDICT_original_tf_Gabor_peak_F0.5_A0.79,0.37840349820883334,6.484348022802377,0.06495649205280454,203.5
PREDICT_original_tf_Gabor_std_F0.5_A0.0,2.000681851557386,2.8585746656665147,0.08161721520134006,203.33333333333334
PREDICT_original_tf_Gabor_skewness_F0.2_A2.36,3.807490657219918,2.9035599408662613,0.1587878013161983,201.83333333333334
"PREDICT_original_vf_Frangi_inner_peak_SR(1.0, 10.0)_SS2.0",4.048121859443598,1.5933112982482098,0.058255515741731,201.33333333333334
PREDICT_original_tf_Gabor_peak_F0.2_A0.0,1.4944572537267458,2.2415702417532035,0.022422887334744974,200.16666666666666
PREDICT_original_tf_Gabor_median_F0.2_A0.0,1.4944572537267458,2.2415702417532035,0.022422887334744974,200.16666666666666
PREDICT_original_tf_GLCMMS_ASMd1.0A2.36mean,0.8368142236144547,2.345719454753741,0.00718380332552423,198.0
PREDICT_original_tf_GLCMMS_correlationd1.0A1.57mean,8.04722353847525,2.483305884198524,0.31358433901851734,197.0
PREDICT_original_tf_Gabor_median_F0.05_A0.0,1.5384095534067428,4.814155340544691,0.092745781184603,194.0
PREDICT_original_tf_GLCMMS_ASMd1.0A1.57mean,0.6479387131348702,2.3226270111098946,0.003781474748562923,193.33333333333334
PREDICT_original_tf_Gabor_peak_F0.5_A2.36,0.5881924210152675,6.344080884494402,0.056595956696998725,191.16666666666666
PREDICT_original_tf_Gabor_median_F0.5_A2.36,0.5881924210152675,6.344080884494402,0.056595956696998725,191.16666666666666
PREDICT_original_hf_peak_position,5.952065399961219,2.1657606904123097,0.10256199935367037,190.66666666666666
PREDICT_original_tf_Gabor_median_F0.2_A1.57,0.8815238816371858,5.063377249964203,0.04534565049362563,190.33333333333334
"PREDICT_original_vf_Frangi_inner_peak_position_SR(1.0, 10.0)_SS2.0",5.277621717298681,1.886835154139989,0.057943141665096204,189.33333333333334
PREDICT_original_phasef_monogenic_median_WL3_N5,3.27595413980299,3.0219569962178885,0.09272261518770264,189.33333333333334
PREDICT_original_tf_GLCM_correlationd1.0A1.57,4.458069703417102,3.054624231056354,0.11203513087071948,184.33333333333334
PREDICT_original_tf_GLCMMS_energyd1.0A0.0std,0.8533937389104067,3.2018029243323602,0.007611775928950166,184.16666666666666
PREDICT_original_tf_Gabor_quartile_range_F0.05_A2.36,2.6750464249617503,2.87253872788138,0.04228007906650469,184.0
PREDICT_original_tf_GLCMMS_correlationd1.0A0.0std,5.356203188881958,3.5551831487553454,0.14005025480263625,183.33333333333334
PREDICT_original_tf_Gabor_peak_position_F0.2_A0.79,1.2991559435560323,4.523177256870533,0.031268622882478295,183.0
PREDICT_original_logf_mean_sigma5,4.574411229387723,1.7014836918861456,0.024050758961743343,183.0
PREDICT_original_tf_Gabor_std_F0.5_A2.36,1.1822155473474045,4.048548491146585,0.017141065339481284,181.0
PREDICT_original_logf_energy_sigma1,7.258819628252228,0.666286151475318,0.00694906345370867,181.0
PREDICT_original_tf_GLCMMS_energyd1.0A2.36std,1.1426338834485643,3.4130639314673763,0.009183488576943356,180.66666666666666
PREDICT_original_tf_Gabor_range_F0.5_A2.36,1.1066999776203834,4.219657507546307,0.013053954790426063,179.66666666666666
PREDICT_original_of_theta_y,7.479103904054336,3.456756049621568,0.22634447855989426,178.66666666666666
PREDICT_original_tf_Gabor_max_F0.5_A0.0,1.5945509556390756,3.9207661775994724,0.025293966900783504,178.66666666666666
PREDICT_original_phasef_phasesym_median_WL3_N5,15.021759074178485,2.1918870278803766,0.16576152391739263,175.33333333333334
PREDICT_original_tf_Gabor_median_F0.05_A0.79,4.73656873669897,3.6964751387792565,0.10139553859243695,174.66666666666666
PREDICT_original_tf_GLCMMS_ASMd1.0A1.57std,1.1320610493054701,2.817457991972329,0.0032225512698531218,171.83333333333334
PREDICT_original_tf_Gabor_skewness_F0.05_A0.0,18.28172201290618,5.30794484811711,0.5046408654390431,169.33333333333334
PREDICT_original_tf_GLCMMS_energyd1.0A2.36mean,1.4477749005467166,3.6831470927368324,0.008128763080303173,169.0
PREDICT_original_phasef_phasesym_mean_WL3_N5,11.058513181736773,4.142950646070739,0.2382485936687656,168.66666666666666
"PREDICT_original_vf_Frangi_inner_min_SR(1.0, 10.0)_SS2.0",9.46941212369164,2.916992255288589,0.1615658872043535,167.66666666666666
PREDICT_original_tf_GLCMMS_energyd1.0A1.57mean,1.1485516932028879,3.917767467208299,0.004543989358364061,167.5
PREDICT_original_tf_Gabor_kurtosis_F0.5_A2.36,15.649607889341032,2.0376744442354178,0.12172234420453985,166.33333333333334
PREDICT_original_tf_Gabor_peak_F0.2_A2.36,1.3607060931158625,5.887851373857032,0.0212759537766617,165.83333333333334
PREDICT_original_tf_Gabor_median_F0.2_A2.36,1.3607060931158625,5.887851373857032,0.0212759537766617,165.83333333333334
PREDICT_original_tf_Gabor_skewness_F0.05_A1.57,11.157970836363276,5.463398185991879,0.285233617636371,161.66666666666666
PREDICT_original_tf_Gabor_kurtosis_F0.2_A0.0,7.776063437663528,2.3373849999013245,0.06684142197759739,160.66666666666666
PREDICT_original_tf_GLCMMS_correlationd1.0A0.79mean,4.957794532498454,4.240070623135108,0.06440732761802459,159.0
"PREDICT_original_vf_Frangi_inner_median_SR(1.0, 10.0)_SS2.0",6.139105326652321,3.5632904658124875,0.06550863314840746,158.33333333333334
PREDICT_original_tf_Gabor_median_F0.2_A0.79,2.0090845179387955,3.5307639534653146,0.00448047475877626,157.5
PREDICT_original_tf_Gabor_peak_F0.2_A0.79,2.0090845179387955,3.5307639534653146,0.00448047475877626,157.5
PREDICT_original_logf_mean_sigma10,4.990602633226077,3.7810247414790843,0.05469006443522285,157.33333333333334
PREDICT_original_tf_Gabor_kurtosis_F0.2_A1.57,6.494536903443295,3.337443415464442,0.07106624187167541,153.33333333333334
PREDICT_original_logf_peak_position_sigma5,3.2540297549706496,5.452705616086336,0.027504802136502,153.33333333333334
PREDICT_original_tf_Gabor_peak_position_F0.2_A2.36,3.109636712647739,5.582899246431139,0.026096153246322546,152.66666666666666
PREDICT_original_tf_Gabor_skewness_F0.05_A0.79,6.4613392698645296,4.701051732482415,0.1029664688572858,152.66666666666666
PREDICT_original_tf_GLCMMS_energyd1.0A1.57std,1.8165420152218474,4.599730424160528,0.004092769161017877,149.83333333333334
PREDICT_original_tf_Gabor_peak_position_F0.5_A0.79,4.17037320915912,4.879910889174697,0.026408730869805937,148.0
PREDICT_original_tf_Gabor_max_F0.5_A2.36,1.8055916980611193,5.066829072122802,0.0038939895169894183,145.0
PREDICT_original_tf_Gabor_energy_F0.5_A0.79,8.044903338236072,1.5318399029729848,0.0050832625981104985,143.66666666666666
PREDICT_original_tf_GLCMMS_contrastd3.0A0.79std,2.3382062938251007,6.329586334138067,0.008330594904692177,142.83333333333334
PREDICT_original_logf_energy_sigma10,16.26030856091768,1.5146077954895911,0.013530543277726917,140.33333333333334
PREDICT_original_sf_prax_std_2.5D,2.045383852720608,8.56254802862502,0.012616765568851511,138.66666666666666
PREDICT_original_tf_Gabor_kurtosis_F0.2_A2.36,11.62695742872912,2.551783637030773,0.03811673177510591,137.0
PREDICT_original_tf_LBP_std_R8_P24,5.469635064224308,3.711346756949033,0.009794561685692118,135.66666666666666
PREDICT_original_tf_GLCMMS_contrastd3.0A0.0std,2.5503587920122213,6.86325508965583,0.007243589451869168,135.0
PREDICT_original_tf_Gabor_max_F0.5_A0.79,2.5824011838644028,5.332554277392792,0.003428387871042292,134.66666666666666
PREDICT_original_tf_GLCMMS_contrastd3.0A0.0mean,2.766532530860311,6.773179576806933,0.008819071262861938,134.66666666666666
PREDICT_original_hf_kurtosis,9.448929760539606,2.9054993862020653,0.027936339501932354,132.66666666666666
PREDICT_original_sf_area_max_2.5D,12.136272147614687,0.7123993941131526,9.587569908909908e-05,132.66666666666666
PREDICT_original_tf_Gabor_mean_F0.5_A0.0,2.133447644934587,6.505700528740697,0.0038827636175463457,130.66666666666666
PREDICT_original_tf_GLCMMS_energyd3.0A0.79std,3.3656307731942334,5.538708020901882,0.005260467014024201,130.66666666666666
PREDICT_original_tf_Gabor_median_F0.05_A1.57,4.490367081613073,8.069290053059847,0.030139664436856856,127.66666666666667
PREDICT_original_tf_Gabor_mean_F0.2_A1.57,2.4489855646875602,8.910815912798816,0.007007093368776217,127.66666666666667
PREDICT_original_tf_GLCMMS_energyd3.0A2.36mean,2.8471853014575372,5.763848513910901,0.003165338628533251,126.66666666666667
PREDICT_original_hf_range,16.20404170446613,4.233791502189643,0.0798841597946354,126.0
PREDICT_original_tf_Gabor_energy_F0.05_A0.0,5.761161663487733,1.9032994326226687,0.00021908247680391943,125.0
PREDICT_original_tf_GLCMMS_energyd3.0A2.36std,3.046997043725245,5.901978062057441,0.0033398125902720246,125.0
PREDICT_original_tf_Gabor_mean_F0.5_A1.57,2.764905778557262,7.420027770467757,0.004704125148511384,124.66666666666667
PREDICT_original_tf_GLCMMS_ASMd3.0A0.79std,4.90934064428666,4.567643181494084,0.004238444664769692,123.33333333333333
PREDICT_original_tf_GLCMMS_energyd3.0A1.57std,3.2712430159952035,6.012204971723896,0.0037152892243120838,122.66666666666667
PREDICT_original_phasef_phasecong_entropy_WL3_N5,4.23059312683168,7.496713158371351,0.013117437367903658,122.0
PREDICT_original_tf_LBP_energy_R15_P36,16.483467652131445,2.2222026024136863,0.011483555905452546,121.66666666666667
PREDICT_original_tf_GLCMMS_energyd3.0A0.0std,3.6192694360245383,5.950664559351175,0.004165029120473632,121.33333333333333
PREDICT_original_logf_peak_position_sigma10,3.537541173213466,6.914979560484068,0.006514247891158763,121.0
PREDICT_original_tf_Gabor_quartile_range_F0.05_A1.57,7.0199155627643375,4.750876676547501,0.01737956838386442,120.66666666666667
"PREDICT_original_vf_Frangi_full_median_SR(1.0, 10.0)_SS2.0",8.158259719417426,5.827615292975643,0.055276595350601754,119.5
"PREDICT_original_vf_Frangi_edge_median_SR(1.0, 10.0)_SS2.0",8.158259719417426,5.827615292975643,0.055276595350601754,119.5
PREDICT_original_tf_Gabor_energy_F0.2_A0.0,13.733635864351708,1.093984370276932,0.0008583496274160785,119.0
PREDICT_original_tf_GLCMMS_contrastd3.0A2.36mean,2.413111796061098,7.053720235732515,0.0024334678740278335,118.66666666666667
PREDICT_original_tf_Gabor_energy_F0.2_A1.57,13.347261691748859,1.0798524793836517,0.0005334383699105784,118.0
PREDICT_original_tf_GLCMMS_contrastd3.0A2.36std,2.702912198043675,7.187524309152039,0.0026905869018903532,117.5
PREDICT_original_phasef_phasecong_energy_WL3_N5,9.64523175713866,4.496212670481598,0.024224558855113192,117.33333333333333
PREDICT_original_tf_LBP_quartile_range_R3_P12,4.048494973674613,6.768670730163226,0.005837663927726114,115.66666666666667
PREDICT_original_tf_GLCMMS_contrastd3.0A1.57mean,2.684619510472772,7.6494844970989275,0.0026662257382062413,115.33333333333333
PREDICT_original_tf_Gabor_quartile_range_F0.05_A0.0,4.825506477789591,6.347344265167011,0.007000979128815384,115.33333333333333
"PREDICT_original_vf_Frangi_edge_peak_SR(1.0, 10.0)_SS2.0",12.54503926573554,4.452595965590013,0.024336303988233228,114.5
"PREDICT_original_vf_Frangi_full_peak_SR(1.0, 10.0)_SS2.0",12.54503926573554,4.452595965590013,0.024336303988233228,114.5
PREDICT_original_tf_GLCMMS_ASMd3.0A2.36std,5.358815161377576,4.843487012318133,0.0032225512698531218,113.83333333333333
PREDICT_original_tf_GLCMMS_energyd3.0A0.0mean,4.339706110184766,6.227171671697742,0.004092769161017877,113.5
PREDICT_original_tf_GLCMMS_ASMd3.0A0.0std,5.300553330555816,4.901278303291266,0.0031370808820066504,113.0
PREDICT_original_tf_GLCMMS_contrastd3.0A0.79mean,3.7020055201859554,7.9258382317217055,0.004543989358364061,111.83333333333333
PREDICT_original_tf_GLCMMS_ASMd3.0A2.36mean,5.3310157141280845,4.927316725805313,0.0028154716367653626,111.66666666666667
PREDICT_original_tf_GLCMMS_energyd3.0A0.79mean,4.155536588058877,6.346558580480229,0.0034609471753521046,111.0
PREDICT_original_tf_GLCMMS_ASMd3.0A0.0mean,5.491278581013384,5.011456400546391,0.0031938281972540236,110.33333333333333
PREDICT_original_hf_energy,13.2368288953538,0.9801371992302667,8.430018981770697e-07,109.66666666666667
PREDICT_original_tf_GLCMMS_energyd3.0A1.57mean,3.9422918513287155,6.4895026277889105,0.0028410750398364373,108.0
PREDICT_original_tf_GLCMMS_contrastd3.0A1.57std,2.2588424444101634,8.219788765275899,0.0014125893134777452,107.66666666666667
"PREDICT_original_vf_Frangi_full_min_SR(1.0, 10.0)_SS2.0",16.456076942870695,4.968053014319625,0.04129384506844364,107.16666666666667
"PREDICT_original_vf_Frangi_edge_min_SR(1.0, 10.0)_SS2.0",16.456076942870695,4.968053014319625,0.04129384506844364,107.16666666666667
PREDICT_original_tf_Gabor_energy_F0.2_A2.36,13.19053814543654,1.179577649202985,1.6908781742497824e-05,106.33333333333333
PREDICT_original_tf_GLCMMS_ASMd3.0A1.57std,5.716522650484357,5.093170978602406,0.002547416528001971,105.0
PREDICT_original_tf_GLCMMS_ASMd3.0A1.57mean,5.8762749466518835,5.109630624393999,0.002455877380806555,103.16666666666667
PREDICT_original_tf_GLCMMS_ASMd3.0A0.79mean,5.526950335505891,5.141776208064106,0.0023892093283606644,102.66666666666667
PREDICT_original_phasef_phasesym_quartile_range_WL3_N5,15.158740847464331,5.3218654614465395,0.02646346861387764,102.66666666666667
PREDICT_original_tf_Gabor_energy_F0.5_A1.57,14.889151920929063,3.3421391262909568,0.004827560814933866,98.66666666666667
PREDICT_original_hf_min,3.613211110303271,6.195608954883922,0.0003659880252150637,96.0
PREDICT_original_tf_Gabor_mean_F0.2_A0.0,3.255897500334222,6.672380750965822,0.0002691337113568678,95.83333333333333
"PREDICT_original_vf_Frangi_full_peak_position_SR(1.0, 10.0)_SS2.0",17.529364528106605,5.38663238993984,0.02122903427300605,93.5
"PREDICT_original_vf_Frangi_edge_peak_position_SR(1.0, 10.0)_SS2.0",17.529364528106605,5.38663238993984,0.02122903427300605,93.5
PREDICT_original_hf_std,16.611613828657074,5.343530427367083,0.01847376417350248,93.33333333333333
PREDICT_original_phasef_phasesym_entropy_WL3_N5,6.523857085128123,7.344653897830416,0.005875581282010127,92.0
PREDICT_original_tf_Gabor_mean_F0.05_A0.0,7.498021283941333,7.651886649321792,0.008606674246989325,91.33333333333333
PREDICT_original_hf_peak,3.278352316443125,8.683076267427687,0.0006001380761539784,90.33333333333333
PREDICT_original_tf_Gabor_mean_F0.05_A0.79,9.71678141772601,8.035813984017395,0.011850831404756575,86.33333333333333
PREDICT_original_tf_Gabor_energy_F0.5_A2.36,18.440137495154097,2.4266854551193364,0.0009957252104666628,84.33333333333333
PREDICT_original_tf_Gabor_entropy_F0.05_A1.57,6.362935654299622,11.461753966059128,0.00259434679275293,77.33333333333333
PREDICT_original_logf_entropy_sigma10,6.34935261276267,11.373681383295793,0.002411245655334863,77.0
PREDICT_original_phasef_monogenic_entropy_WL3_N5,6.384253266704768,11.133034776892563,0.0024784755809235046,77.0
PREDICT_original_phasef_phasesym_energy_WL3_N5,18.604608865657283,6.7629715819558145,0.008890903895094922,74.66666666666667
PREDICT_original_tf_Gabor_entropy_F0.05_A0.0,6.345652307892026,11.428432334109148,0.00221944614918055,74.66666666666667
PREDICT_original_logf_entropy_sigma5,6.377285799040401,11.432279340175736,0.0023673575055814466,74.0
PREDICT_original_tf_Gabor_mean_F0.2_A2.36,3.921570413412696,9.556644753272616,5.42649342613296e-05,73.66666666666667
PREDICT_original_logf_entropy_sigma1,6.389437587854294,11.466144483994286,0.0023456888082743527,72.33333333333333
PREDICT_original_tf_Gabor_entropy_F0.2_A1.57,6.403436522732072,11.494485860863609,0.0022608180049848514,70.33333333333333
PREDICT_original_tf_Gabor_quartile_range_F0.05_A0.79,11.571087086781782,8.519860841532303,0.004033508583876272,68.33333333333333
PREDICT_original_tf_Gabor_entropy_F0.5_A0.0,6.412010841527257,11.511901706851512,0.0022400445592825812,67.83333333333333
PREDICT_original_tf_Gabor_entropy_F0.05_A0.79,6.369370174236803,11.511367626048374,0.0021387766256852924,67.66666666666667
PREDICT_original_tf_LBP_entropy_R15_P36,6.350892400963397,11.562105397510713,0.002178769171076675,67.66666666666667
PREDICT_original_tf_Gabor_entropy_F0.5_A1.57,6.410464699972168,11.49219753119854,0.002158687991848537,66.5
PREDICT_original_tf_LBP_entropy_R8_P24,6.402628394613441,11.567624141420339,0.0021990214563870824,66.0
PREDICT_original_tf_Gabor_entropy_F0.5_A0.79,6.427616514602663,11.516086818198461,0.0021990214563870824,65.33333333333333
PREDICT_original_tf_Gabor_entropy_F0.2_A0.0,6.412364868817125,11.542119271777722,0.0021990214563870824,65.0
"PREDICT_original_vf_Frangi_inner_entropy_SR(1.0, 10.0)_SS2.0",6.181737499086607,12.14443736794427,0.0018948085351992892,64.66666666666667
PREDICT_original_hf_entropy,6.486117475733057,11.540930184734517,0.0022400445592825812,64.5
PREDICT_original_hf_median,5.519283169182048,10.860995632120455,0.0001361921368276905,64.33333333333333
PREDICT_original_tf_Gabor_entropy_F0.05_A2.36,6.36504981884258,11.588627828662762,0.0021387766256852924,64.33333333333333
PREDICT_original_tf_LBP_entropy_R3_P12,6.408612943509578,11.582556840976013,0.002178769171076675,63.666666666666664
PREDICT_original_tf_Gabor_entropy_F0.5_A2.36,6.431466393764406,11.524919162888366,0.002158687991848537,62.833333333333336
PREDICT_original_tf_Gabor_entropy_F0.2_A2.36,6.4378981003378986,11.560649373903384,0.002178769171076675,62.0
PREDICT_original_tf_Gabor_entropy_F0.2_A0.79,6.420743466061703,11.549464780755839,0.0021387766256852924,61.666666666666664
PREDICT_original_tf_Gabor_mean_F0.05_A2.36,6.025449787796186,10.63935217508611,9.263887045078516e-05,61.666666666666664
PREDICT_original_sf_volume_2.5D,20.51828278034192,8.094615634385233,0.005679742754250861,61.333333333333336
PREDICT_original_tf_GLCMMS_dissimilarityd3.0A2.36mean,7.401442170996239,10.995550100459454,0.0007387299634735278,56.0
PREDICT_original_tf_Gabor_mean_F0.5_A2.36,4.669872745133466,13.828162747252884,7.270891540809485e-05,55.0
PREDICT_original_tf_GLCMMS_dissimilarityd3.0A0.79std,7.73543971773258,11.151048497203407,0.0009763002509206031,54.0
PREDICT_original_tf_Gabor_mean_F0.05_A1.57,6.969885004858593,9.667060064181923,0.0002691337113568678,53.833333333333336
PREDICT_original_tf_Gabor_median_F0.05_A2.36,5.1561509911513195,13.598413167478743,6.660636363808964e-05,52.0
PREDICT_original_tf_Gabor_kurtosis_F0.05_A0.79,14.485890973247981,6.132876704559699,0.0005014344464845272,52.0
PREDICT_original_tf_Gabor_kurtosis_F0.05_A1.57,14.877865414875668,7.393784841658058,0.0014960155847730924,51.666666666666664
PREDICT_original_tf_LBP_energy_R8_P24,19.954357639877657,7.997436749735643,0.002455877380806555,50.166666666666664
PREDICT_original_sf_rad_dist_std_2.5D,11.277958135452131,10.519677422812526,0.0013463670739967055,49.666666666666664
PREDICT_original_tf_Gabor_skewness_F0.2_A0.79,11.198196746025994,10.444643018263038,0.0009763002509206031,49.333333333333336
"PREDICT_original_vf_Frangi_edge_entropy_SR(1.0, 10.0)_SS2.0",7.5494502887291475,12.373207521345616,0.0015248178205175815,48.833333333333336
"PREDICT_original_vf_Frangi_full_entropy_SR(1.0, 10.0)_SS2.0",7.5494502887291475,12.373207521345616,0.0015248178205175815,48.833333333333336
PREDICT_original_tf_GLCMMS_dissimilarityd3.0A2.36std,8.05718960833297,11.623091896956513,0.0005971079733411035,43.0
PREDICT_original_hf_mean,6.49448276302164,12.513039935433357,9.370616897021206e-05,41.666666666666664
PREDICT_original_tf_GLCMMS_dissimilarityd3.0A1.57std,8.39692596910337,12.20478540508675,0.0006953720473680575,41.0
PREDICT_original_tf_GLCMMS_dissimilarityd3.0A1.57mean,9.649352543619035,12.195381274834164,0.0009763002509206031,40.666666666666664
PREDICT_original_tf_GLCMMS_dissimilarityd3.0A0.0std,8.110858274273093,11.865925857735707,0.0004811029562817372,40.0
PREDICT_original_tf_GLCMMS_dissimilarityd3.0A0.0mean,8.128251499396466,12.586184136909633,0.0003627312340240293,36.333333333333336
PREDICT_original_tf_Gabor_mean_F0.2_A0.79,6.486417340639918,12.74961072557527,3.7754746777230096e-06,36.0
"PREDICT_original_vf_Frangi_edge_energy_SR(1.0, 10.0)_SS2.0",24.234539865887918,8.371652610034879,0.0006677936735403357,34.5
"PREDICT_original_vf_Frangi_full_energy_SR(1.0, 10.0)_SS2.0",24.234539865887918,8.371652610034879,0.0006677936735403357,34.5
PREDICT_original_sf_rad_dist_avg_2.5D,13.90547899118799,12.921349569831891,0.0010561677271996902,32.0
PREDICT_original_tf_GLCMMS_dissimilarityd3.0A0.79mean,8.541837004295326,13.424132640494992,0.00018385428696425965,30.666666666666668
PREDICT_original_tf_GLCMMS_homogeneityd3.0A2.36mean,13.533530230708756,12.610722260315594,0.000522564740739228,29.333333333333332
PREDICT_original_tf_GLCMMS_homogeneityd3.0A1.57std,14.4054771452198,12.971327493790517,0.0006745912890664407,28.666666666666668
"PREDICT_original_vf_Frangi_inner_energy_SR(1.0, 10.0)_SS2.0",28.3553538457737,7.619484792257277,6.396198350696203e-05,28.0
PREDICT_original_tf_Gabor_peak_F0.05_A2.36,7.630512003495044,17.982894651054206,6.37820332720656e-05,27.666666666666668
PREDICT_original_tf_Gabor_mean_F0.5_A0.79,7.577309842348949,22.41697450590115,5.259477396431893e-06,25.0
PREDICT_original_tf_GLCMMS_homogeneityd3.0A2.36std,13.557133110623814,13.56602643766397,0.0003060696830143001,24.666666666666668
PREDICT_original_tf_Gabor_kurtosis_F0.05_A2.36,18.505621269493417,11.925828216732572,0.0005731786281115181,23.666666666666668
PREDICT_original_tf_GLCMMS_homogeneityd3.0A1.57mean,14.929907458366067,14.01506848556413,0.000511897971094645,22.833333333333332
PREDICT_original_tf_GLCMMS_homogeneityd3.0A0.79std,15.097368412197355,14.604064062060457,0.00019855541007611353,18.666666666666668
PREDICT_original_tf_Gabor_kurtosis_F0.05_A0.0,27.04900934710188,12.79930641733212,0.000511897971094645,16.5
PREDICT_original_tf_GLCMMS_homogeneityd3.0A0.0std,16.197120942861417,15.18761145025111,0.00017984576707840853,15.666666666666666
PREDICT_original_tf_GLCMMS_homogeneityd3.0A0.0mean,15.737473682187435,17.187680154301102,3.936010011600206e-05,11.333333333333334
PREDICT_original_tf_GLCMMS_homogeneityd3.0A0.79mean,15.828305380221874,16.98592562944976,2.7712806097901613e-05,10.666666666666666
PREDICT_original_sf_area_avg_2.5D,20.555135863493444,15.033212426321166,6.321823481500257e-05,7.666666666666667
PREDICT_original_sf_area_std_2.5D,21.310505399781164,15.797470225871544,2.2220602862714303e-05,5.0
PREDICT_original_tf_LBP_min_R3_P12,,,1.0,
PREDICT_original_tf_LBP_max_R3_P12,,,1.0,
PREDICT_original_tf_LBP_peak_R3_P12,0.0,,1.0,
PREDICT_original_tf_LBP_peak_position_R3_P12,,,1.0,
PREDICT_original_tf_LBP_range_R3_P12,,,1.0,
PREDICT_original_tf_LBP_max_R8_P24,,,1.0,
PREDICT_original_tf_LBP_median_R8_P24,,,1.0,
PREDICT_original_tf_LBP_peak_R8_P24,,,1.0,
PREDICT_original_tf_LBP_peak_position_R8_P24,,,1.0,
PREDICT_original_tf_LBP_max_R15_P36,,,1.0,
PREDICT_original_tf_LBP_peak_R15_P36,,,1.0,
PREDICT_original_tf_LBP_peak_position_R15_P36,,,1.0,
PREDICT_original_phasef_phasecong_min_WL3_N5,,,1.0,
PREDICT_original_phasef_phasecong_peak_WL3_N5,,,1.0,
PREDICT_original_phasef_phasecong_peak_position_WL3_N5,,,1.0,
PREDICT_original_phasef_phasesym_min_WL3_N5,,,1.0,
PREDICT_original_phasef_phasesym_peak_WL3_N5,,,1.0,
PREDICT_original_phasef_phasesym_peak_position_WL3_N5,,,1.0,
