,mw_u,mw_p,cohens_d,mi,mw_rank,d_rank,mi_rank,composite_score,rank
PREDICT_original_sf_area_avg_2.5D,0.3291976840363937,6.321823481500257e-05,0.5734447431726212,0.09550525659944054,7.0,7.0,12.0,8.666666666666666,1.0
PREDICT_original_tf_GLCMMS_dissimilarityd3.0A0.0std,0.3509393831974477,0.0004811029562817372,0.5082397081961272,0.13404243650890324,17.0,27.0,1.0,15.0,2.0
PREDICT_original_tf_Gabor_kurtosis_F0.05_A2.36,0.3529481271416755,0.0005731786281115181,0.5104973587107494,0.12898077756465542,23.0,26.0,2.0,17.0,3.0
"PREDICT_original_vf_Frangi_inner_entropy_SR(1.0, 10.0)_SS2.0",0.3673638189767222,0.0018948085351992892,0.5138708336336067,0.0854714724488086,40.0,25.0,14.0,26.333333333333332,4.0
PREDICT_original_tf_GLCMMS_dissimilarityd3.0A1.57mean,0.359210681791327,0.0009763002509206031,0.5154482911845765,0.06899424496614603,31.5,24.0,33.0,29.5,5.0
"PREDICT_original_vf_Frangi_inner_energy_SR(1.0, 10.0)_SS2.0",0.3293158454448777,6.396198350696203e-05,0.40917434772741795,0.08677692805813253,8.0,69.0,13.0,30.0,6.0
PREDICT_original_tf_LBP_entropy_R15_P36,0.36913624010398205,0.002178769171076675,0.5014182693137533,0.062067596735150055,47.0,32.0,43.0,40.666666666666664,7.0
PREDICT_original_tf_Gabor_entropy_F0.05_A0.79,0.36889991728701405,0.0021387766256852924,0.5003210577643642,0.060936819150610555,42.0,40.0,49.0,43.666666666666664,8.0
PREDICT_original_tf_GLCMMS_homogeneityd3.0A1.57std,0.3548387096774194,0.0006745912890664407,0.5320159057773064,0.04714488890163637,27.0,14.0,91.0,44.0,9.0
PREDICT_original_tf_GLCMMS_homogeneityd3.0A1.57mean,0.3516483516483517,0.000511897971094645,0.5530174089160739,0.04093739621316561,19.5,9.0,119.0,49.166666666666664,10.0
PREDICT_original_sf_rad_dist_avg_2.5D,0.3601559730591989,0.0010561677271996902,0.5311293293272464,0.04534221764564039,34.0,15.0,99.0,49.333333333333336,11.0
PREDICT_original_tf_Gabor_entropy_F0.05_A2.36,0.36889991728701405,0.0021387766256852924,0.5019891604377484,0.047996513122825935,42.0,29.0,83.0,51.333333333333336,12.0
PREDICT_original_tf_Gabor_entropy_F0.05_A1.57,0.37138130686517784,0.00259434679275293,0.49923778513933664,0.061208394602012994,65.0,44.0,48.0,52.333333333333336,13.0
PREDICT_original_sf_rad_dist_std_2.5D,0.3631100082712986,0.0013463670739967055,0.47897160975314557,0.051114635942036024,35.0,53.0,71.0,53.0,14.0
PREDICT_original_tf_Gabor_kurtosis_F0.05_A0.0,0.3516483516483517,0.000511897971094645,0.529938875417567,0.039932274328088546,19.5,16.0,125.0,53.5,15.0
PREDICT_original_tf_Gabor_kurtosis_F0.05_A1.57,0.36440978376462246,0.0014960155847730924,0.40236511979800454,0.05656573145067623,37.0,74.0,55.0,55.333333333333336,16.0
PREDICT_original_tf_LBP_entropy_R8_P24,0.369254401512466,0.0021990214563870824,0.5015436898827978,0.04718125270478435,50.0,31.0,90.0,57.0,17.0
PREDICT_original_tf_LBP_energy_R8_P24,0.3706723384142739,0.002455877380806555,0.4187608608127808,0.061782917646123314,61.5,66.0,45.0,57.5,18.0
PREDICT_original_tf_GLCMMS_dissimilarityd3.0A0.0mean,0.34774902516838,0.0003627312340240293,0.5233226538442619,0.036758021133854735,16.0,19.0,138.0,57.666666666666664,19.0
PREDICT_original_tf_GLCMMS_homogeneityd3.0A2.36mean,0.3518846744653196,0.000522564740739228,0.5245337937729024,0.035478809616471985,21.0,18.0,143.0,60.666666666666664,20.0
PREDICT_original_tf_GLCMMS_contrastd3.0A0.79mean,0.37882547559966917,0.004543989358364061,0.41492193772976815,0.06988690604902459,86.5,68.0,29.0,61.166666666666664,21.0
PREDICT_original_logf_entropy_sigma5,0.37019969278033793,0.0023673575055814466,0.49860666033957146,0.047861830236427094,57.0,45.0,84.0,62.0,22.0
PREDICT_original_tf_Gabor_entropy_F0.05_A0.0,0.36937256292095,0.00221944614918055,0.49851944880979626,0.04705308282441889,52.0,46.0,92.0,63.333333333333336,23.0
PREDICT_original_tf_GLCMMS_ASMd3.0A1.57mean,0.3706723384142739,0.002455877380806555,0.33406501074622574,0.07191828348801099,61.5,115.0,27.0,67.83333333333333,24.0
PREDICT_original_tf_GLCMMS_dissimilarityd3.0A0.79std,0.359210681791327,0.0009763002509206031,0.49270399398663434,0.039113118437801075,31.5,48.0,131.0,70.16666666666667,25.0
PREDICT_original_tf_Gabor_entropy_F0.2_A0.0,0.369254401512466,0.0021990214563870824,0.5009941201463562,0.03963868261110526,50.0,35.0,127.0,70.66666666666667,26.0
PREDICT_original_tf_Gabor_entropy_F0.5_A0.0,0.36949072432943403,0.0022400445592825812,0.5003397024521099,0.0405701635697604,53.5,39.0,121.0,71.16666666666667,27.0
PREDICT_original_tf_GLCMMS_energyd3.0A0.79std,0.38083421954389696,0.005260467014024201,0.34733029036966384,0.08067967498366158,91.0,105.0,20.0,72.0,28.0
PREDICT_original_tf_GLCMMS_energyd1.0A1.57std,0.37740753869786126,0.004092769161017877,0.3160908589670034,0.09562272765504432,82.5,130.0,10.0,74.16666666666667,29.0
PREDICT_original_phasef_monogenic_entropy_WL3_N5,0.3707904998227579,0.0024784755809235046,0.4920548778342376,0.042490405724219915,63.0,49.0,113.0,75.0,30.0
PREDICT_original_tf_Gabor_entropy_F0.2_A1.57,0.369608885737918,0.0022608180049848514,0.4999606426302976,0.038887968952783236,55.0,41.0,133.0,76.33333333333333,31.0
PREDICT_original_logf_entropy_sigma10,0.37043601559730593,0.002411245655334863,0.49732597158210334,0.03837056666907657,59.0,47.0,134.0,80.0,32.0
PREDICT_original_tf_LBP_entropy_R3_P12,0.36913624010398205,0.002178769171076675,0.5018674734214656,0.0305751238872205,47.0,30.0,166.0,81.0,33.0
PREDICT_original_tf_Gabor_entropy_F0.5_A1.57,0.3690180786954981,0.002158687991848537,0.4999123258135978,0.03163904336146617,44.5,42.0,162.0,82.83333333333333,34.0
PREDICT_original_tf_Gabor_entropy_F0.5_A0.79,0.369254401512466,0.0021990214563870824,0.5004321930084833,0.03178289638255749,50.0,38.0,161.0,83.0,35.0
PREDICT_original_tf_Gabor_entropy_F0.2_A2.36,0.36913624010398205,0.002178769171076675,0.5013987112652764,0.0295688460467034,47.0,33.0,170.0,83.33333333333333,36.0
PREDICT_original_logf_entropy_sigma1,0.37008153137185396,0.0023456888082743527,0.4993450298954341,0.033468086902466165,56.0,43.0,155.0,84.66666666666667,37.0
PREDICT_original_tf_GLCMMS_ASMd3.0A1.57std,0.37114498404820984,0.002547416528001971,0.33350454350030956,0.049693964932170376,64.0,116.0,75.0,85.0,38.0
PREDICT_original_tf_GLCMMS_energyd1.0A1.57mean,0.37882547559966917,0.004543989358364061,0.2916585861688217,0.07304726035451314,86.5,145.0,26.0,85.83333333333333,39.0
PREDICT_original_tf_Gabor_entropy_F0.5_A2.36,0.3690180786954981,0.002158687991848537,0.5006231190752173,0.027431792279215106,44.5,37.0,182.0,87.83333333333333,40.0
PREDICT_original_tf_GLCMMS_ASMd1.0A1.57std,0.37421718066879356,0.0032225512698531218,0.247554279337096,0.08262782226168364,75.5,173.0,18.0,88.83333333333333,41.0
PREDICT_original_tf_GLCMMS_energyd1.0A2.36mean,0.3869786127850644,0.008128763080303173,0.28285473125420985,0.08217970137495034,102.0,149.0,19.0,90.0,42.0
PREDICT_original_tf_GLCMMS_dissimilarityd3.0A2.36mean,0.35590216235377525,0.0007387299634735278,0.48935376639538586,0.023726856947799524,29.0,50.0,198.0,92.33333333333333,43.0
PREDICT_original_sf_volume_2.5D,0.3818976722202529,0.005679742754250861,0.4213402964524416,0.03974576096222737,92.0,64.0,126.0,94.0,44.0
PREDICT_original_tf_GLCMMS_homogeneityd3.0A0.0mean,0.3244712276970341,3.936010011600206e-05,0.6122149671886539,0.011315730226410414,6.0,3.0,275.0,94.66666666666667,45.0
PREDICT_original_tf_GLCMMS_correlationd3.0A0.79mean,0.4005671747607231,0.019896280005412183,0.3102593359133428,0.06906062635046228,123.0,134.0,32.0,96.33333333333333,46.0
PREDICT_original_hf_energy,0.2897317736027413,8.430018981770697e-07,0.14677882082423113,0.10993077729178702,1.0,288.0,7.0,98.66666666666667,47.0
PREDICT_original_tf_Gabor_entropy_F0.2_A0.79,0.36889991728701405,0.0021387766256852924,0.5011552037330005,0.018557137344777486,42.0,34.0,226.0,100.66666666666667,48.0
"PREDICT_original_vf_Frangi_full_entropy_SR(1.0, 10.0)_SS2.0",0.36464610658159047,0.0015248178205175815,0.5189072552562063,0.01524169246039686,38.5,21.5,245.5,101.83333333333333,49.5
"PREDICT_original_vf_Frangi_edge_entropy_SR(1.0, 10.0)_SS2.0",0.36464610658159047,0.0015248178205175815,0.5189072552562063,0.01524169246039686,38.5,21.5,245.5,101.83333333333333,49.5
PREDICT_original_tf_GLCMMS_homogeneityd3.0A0.79mean,0.3210445468509985,2.7712806097901613e-05,0.6086113482166712,0.005427158159053924,4.0,4.0,298.0,102.0,51.0
PREDICT_original_tf_Gabor_energy_F0.5_A1.57,0.37965260545905705,0.004827560814933866,0.2708261932997894,0.0517515390006138,89.0,157.0,67.0,104.33333333333333,52.0
PREDICT_original_hf_entropy,0.36949072432943403,0.0022400445592825812,0.5009780090140573,0.019098398619734835,53.5,36.0,224.0,104.5,53.0
PREDICT_original_tf_GLCMMS_contrastd3.0A2.36mean,0.3705541770057899,0.0024334678740278335,0.39141262329160903,0.02743913642734186,60.0,77.0,181.0,106.0,54.5
PREDICT_original_tf_GLCMMS_contrastd3.0A0.0mean,0.3881602268699043,0.008819071262861938,0.38355139154068146,0.039261734119504954,106.0,82.0,130.0,106.0,54.5
PREDICT_original_tf_Gabor_energy_F0.2_A2.36,0.3163180905116389,1.6908781742497824e-05,0.16101865837355175,0.061709382080344266,2.0,273.0,46.0,107.0,56.0
PREDICT_original_sf_area_std_2.5D,0.31891764149828666,2.2220602862714303e-05,0.5879207587659128,0.0028486314357063502,3.0,5.0,315.0,107.66666666666667,57.5
PREDICT_original_tf_GLCMMS_energyd3.0A1.57mean,0.37256292095001775,0.0028410750398364373,0.37595679876597227,0.03076121553035538,71.0,87.0,165.0,107.66666666666667,57.5
PREDICT_original_tf_GLCMMS_energyd3.0A0.79mean,0.37516247193666546,0.0034609471753521046,0.3718294866357235,0.03272878076918029,78.0,90.0,158.0,108.66666666666667,59.0
PREDICT_original_tf_GLCMMS_ASMd3.0A0.79mean,0.3703178541888219,0.0023892093283606644,0.3350478648091374,0.030867378670322188,58.0,114.0,164.0,112.0,60.5
PREDICT_original_tf_GLCMMS_dissimilarityd3.0A1.57std,0.3551931939028713,0.0006953720473680575,0.5155392665592929,0.008014114784449466,28.0,23.0,285.0,112.0,60.5
PREDICT_original_tf_Gabor_energy_F0.2_A1.57,0.35212099728228763,0.0005334383699105784,0.15238440368809467,0.06508511428755637,22.0,282.0,38.0,114.0,62.0
PREDICT_original_tf_Gabor_skewness_F0.05_A0.79,0.4303438496986884,0.1029664688572858,0.32015379878101335,0.05295089378053164,155.5,128.0,66.0,116.5,63.0
PREDICT_original_tf_GLCMMS_dissimilarityd3.0A0.79mean,0.3403048564338887,0.00018385428696425965,0.5404178767627782,0.0004751583764075473,12.0,13.0,326.0,117.0,64.0
"PREDICT_original_vf_Frangi_edge_energy_SR(1.0, 10.0)_SS2.0",0.35472054826893534,0.0006677936735403357,0.42875228338128923,0.012941307867013752,25.5,61.5,265.5,117.5,65.5
"PREDICT_original_vf_Frangi_full_energy_SR(1.0, 10.0)_SS2.0",0.35472054826893534,0.0006677936735403357,0.42875228338128923,0.012941307867013752,25.5,61.5,265.5,117.5,65.5
PREDICT_original_tf_GLCMMS_dissimilarityd3.0A2.36std,0.35342077277561146,0.0005971079733411035,0.5031332160201287,0.004932323947745232,24.0,28.0,301.0,117.66666666666667,67.0
PREDICT_original_tf_GLCMMS_ASMd1.0A0.79mean,0.3924140375753279,0.01175804898804587,0.18990432955697653,0.1140695931225364,113.0,244.0,4.0,120.33333333333333,68.5
PREDICT_original_tf_GLCMMS_energyd1.0A2.36std,0.38875103391232424,0.009183488576943356,0.27227034328329797,0.04568632871369038,108.0,156.0,97.0,120.33333333333333,68.5
PREDICT_original_tf_GLCMMS_ASMd3.0A0.0mean,0.3740990192603096,0.0031938281972540236,0.33078114524720886,0.029722828537642743,74.0,119.0,169.0,120.66666666666667,70.0
PREDICT_original_tf_Gabor_skewness_F0.05_A1.57,0.4543306156209382,0.285233617636371,0.34547746613995306,0.06002193708079484,207.0,106.0,52.0,121.66666666666667,71.5
PREDICT_original_tf_Gabor_energy_F0.2_A0.0,0.3576745834810351,0.0008583496274160785,0.15506910521405937,0.05585992474915136,30.0,279.0,56.0,121.66666666666667,71.5
PREDICT_original_tf_Gabor_energy_F0.05_A0.0,0.3421954389696325,0.00021908247680391943,0.20386658384607648,0.039945151742660556,14.0,232.0,124.0,123.33333333333333,73.0
PREDICT_original_tf_GLCMMS_ASMd1.0A0.0std,0.38461538461538464,0.006891465574445297,0.20865620381428987,0.055450912676809905,96.0,224.0,59.0,126.33333333333333,74.0
PREDICT_original_tf_Gabor_skewness_F0.05_A0.0,0.47146401985111663,0.5046408654390431,0.3407811968447907,0.06623150348057871,236.0,109.0,36.0,127.0,75.0
PREDICT_original_tf_GLCMMS_ASMd1.0A2.36mean,0.38520619165780456,0.00718380332552423,0.22587561717958518,0.04775844130547058,98.0,203.0,86.0,129.0,76.0
PREDICT_original_tf_GLCMMS_energyd3.0A2.36mean,0.3739808578518256,0.003165338628533251,0.35426581290840997,0.020731754224435184,73.0,103.0,212.0,129.33333333333334,77.0
PREDICT_original_tf_GLCMMS_energyd1.0A0.79mean,0.3954862341959116,0.014391378079913943,0.22938501429724525,0.04835928440951043,119.5,196.0,80.0,131.83333333333334,78.0
PREDICT_original_logf_energy_sigma10,0.3945409429280397,0.013530543277726917,0.1824610006627931,0.07171910917198865,117.0,254.0,28.0,133.0,79.0
PREDICT_original_tf_GLCMMS_contrastd3.0A2.36std,0.3718539524991138,0.0026905869018903532,0.39512499279161206,0.014360289744755006,68.5,76.0,258.0,134.16666666666666,80.0
PREDICT_original_tf_GLCMMS_contrastd3.0A0.79std,0.3873330970105164,0.008330594904692177,0.37079967477203213,0.020386849796293127,103.5,92.0,213.0,136.16666666666666,81.0
PREDICT_original_tf_GLCMMS_energyd1.0A0.0std,0.3860333215171925,0.007611775928950166,0.263653267112766,0.03377078455255278,100.5,160.0,152.0,137.5,82.0
PREDICT_original_tf_Gabor_kurtosis_F0.05_A0.79,0.35141202883138367,0.0005014344464845272,0.3666922307302667,0.0035131764999436488,18.0,95.0,307.0,140.0,83.0
PREDICT_original_tf_LBP_kurtosis_R8_P24,0.4219543896963252,0.06766942731341138,0.18667977319111317,0.06624019044578744,140.0,247.0,35.0,140.66666666666666,84.0
PREDICT_original_sf_roughness_std_2.5D,0.3718539524991138,0.0026905869018903532,0.15219945834267193,0.050480338884305365,68.5,284.0,74.0,142.16666666666666,85.0
PREDICT_original_tf_GLCMMS_homogeneityd3.0A0.0std,0.3400685336169207,0.00017984576707840853,0.5756453765958753,0.0,11.0,6.0,410.0,142.33333333333334,86.5
PREDICT_original_tf_GLCMMS_ASMd1.0A1.57mean,0.3763440860215054,0.003781474748562923,0.22472977266159644,0.03575154401695224,80.0,205.0,142.0,142.33333333333334,86.5
PREDICT_original_phasef_phasesym_energy_WL3_N5,0.3882783882783883,0.008890903895094922,0.38520257075013326,0.015482931400484734,107.0,80.0,243.0,143.33333333333334,88.0
PREDICT_original_tf_GLCMMS_homogeneityd3.0A0.79std,0.3411319862932766,0.00019855541007611353,0.564422634737011,0.0,13.0,8.0,410.0,143.66666666666666,89.0
PREDICT_original_tf_GLCMMS_correlationd3.0A0.79std,0.43081649533262434,0.1053256956500158,0.19968204130058076,0.06381044042172768,157.0,236.0,40.0,144.33333333333334,90.0
PREDICT_original_sf_prax_std_2.5D,0.3934774902516838,0.012616765568851511,0.4311970948086139,0.013447240641967895,115.0,59.0,261.0,145.0,91.5
"PREDICT_original_vf_Frangi_inner_max_SR(1.0, 10.0)_SS2.0",0.41250147701760603,0.04049333287025686,0.23268520233748113,0.04230713376816553,133.0,188.0,114.0,145.0,91.5
PREDICT_original_tf_Gabor_kurtosis_F0.2_A0.0,0.4217180668793572,0.06684142197759739,0.22638466017677786,0.04620474581795131,139.0,202.0,95.0,145.33333333333334,93.5
PREDICT_original_tf_GLCMMS_homogeneityd3.0A2.36std,0.34585844263263615,0.0003060696830143001,0.5440016514686666,0.0,15.0,11.0,410.0,145.33333333333334,93.5
PREDICT_original_tf_GLCMMS_energyd3.0A2.36std,0.3746898263027295,0.0033398125902720246,0.3584913575827234,0.013363179821056725,77.0,100.0,262.0,146.33333333333334,95.0
PREDICT_original_tf_Gabor_energy_F0.5_A2.36,0.35944700460829493,0.0009957252104666628,0.2309499849852905,0.02015568919824262,33.0,192.0,215.0,146.66666666666666,96.0
PREDICT_original_hf_kurtosis,0.40612076095947064,0.027936339501932354,0.2521383085672045,0.033682862508024325,127.0,167.0,153.0,149.0,97.0
PREDICT_original_tf_GLCM_contrastd1.0A2.36,0.43424317617866004,0.1237361676986966,0.2393563187675853,0.04296152165081413,166.5,182.0,106.5,151.66666666666666,98.0
PREDICT_original_tf_GLCMMS_contrastd1.0A0.79std,0.43424317617866004,0.1237361676986966,0.23935631876758517,0.04296152165081413,166.5,183.0,106.5,152.0,99.5
PREDICT_original_tf_Gabor_peak_position_F0.5_A2.36,0.4147465437788018,0.04548473397306253,0.2379197899526315,0.03742302331340275,135.0,185.0,136.0,152.0,99.5
PREDICT_original_hf_range,0.4252038284296349,0.0798841597946354,0.3049042766626184,0.027592968102912785,148.0,137.0,180.0,155.0,102.0
PREDICT_original_tf_GLCM_contrastd3.0A0.0,0.4402694080113435,0.16208716645842525,0.20830161589078142,0.05576090635885067,182.5,225.0,57.5,155.0,102.0
PREDICT_original_logf_energy_sigma1,0.3847335460238686,0.00694906345370867,0.12095972290672775,0.07786805533452168,97.0,345.0,23.0,155.0,102.0
PREDICT_original_tf_GLCMMS_contrastd1.0A1.57mean,0.4402694080113435,0.16208716645842525,0.2083016158907813,0.05576090635885067,182.5,226.0,57.5,155.33333333333334,104.5
PREDICT_original_tf_Gabor_quartile_range_F0.2_A0.79,0.43329788491078813,0.0696625616114276,0.20258558181626268,0.051174247934192785,163.0,233.0,70.0,155.33333333333334,104.5
PREDICT_original_hf_peak_position,0.4303438496986884,0.10256199935367037,0.2172522097892472,0.045884002338639984,155.5,215.0,96.0,155.5,106.0
PREDICT_original_sf_area_max_2.5D,0.33345149474181734,9.587569908909908e-05,0.12377003142658767,0.04108079678815213,10.0,339.0,118.0,155.66666666666666,107.0
PREDICT_original_tf_Gabor_energy_F0.2_A0.79,0.3239985820630982,3.751439338157763e-05,0.04516481245645228,0.06927841240353105,5.0,433.0,31.0,156.33333333333334,108.0
PREDICT_original_tf_GLCMMS_ASMd3.0A0.79std,0.3778801843317972,0.004238444664769692,0.3157992194381681,0.014641381645891682,85.0,131.0,254.0,156.66666666666666,109.0
PREDICT_original_tf_GLCMMS_energyd3.0A0.0std,0.37764386151482926,0.004165029120473632,0.36002186602284314,0.006406771438484338,84.0,97.0,291.0,157.33333333333334,110.0
PREDICT_original_tf_GLCMMS_energyd3.0A1.57std,0.37610776320453737,0.0037152892243120838,0.36183494211286105,0.003218002879162629,79.0,96.0,313.0,162.66666666666666,111.0
PREDICT_original_tf_GLCMMS_energyd1.0A0.79std,0.39477726574500765,0.01374137470405951,0.24282834454580962,0.023988972073329506,118.0,180.0,197.0,165.0,112.0
PREDICT_original_tf_Gabor_peak_F0.05_A2.36,0.6706250738508803,6.37820332720656e-05,0.6249425619250714,0.09577391078517672,490.0,2.0,9.0,167.0,113.0
PREDICT_original_tf_LBP_kurtosis_R3_P12,0.4247902634999409,0.07827934814578284,0.25798701774072846,0.024921982687362343,147.0,161.0,194.0,167.33333333333334,114.0
PREDICT_original_tf_Gabor_peak_position_F0.2_A2.36,0.4052936311000827,0.026096153246322546,0.3483293434150753,0.011491632843968924,125.0,104.0,274.0,167.66666666666666,115.0
PREDICT_original_sf_evar_avg_2.5D,0.47997164126196384,0.6398744039986448,0.18886699392484615,0.10698831611239124,252.0,246.0,8.0,168.66666666666666,116.0
"PREDICT_original_vf_Frangi_inner_range_SR(1.0, 10.0)_SS2.0",0.4100200874394423,0.03513326397391118,0.27360953052499987,0.019103767086537715,129.0,155.0,223.0,169.0,117.0
PREDICT_original_tf_GLCMMS_contrastd3.0A1.57std,0.36370081531371856,0.0014125893134777452,0.4224105655767289,0.0,36.0,63.0,410.0,169.66666666666666,118.0
PREDICT_original_tf_Gabor_energy_F0.05_A2.36,0.3315609122060735,7.976838677452368e-05,0.11067517788335932,0.03450602786923329,9.0,357.0,147.0,171.0,119.0
PREDICT_original_tf_LBP_mean_R8_P24,0.4230178423726811,0.07150050630969433,0.1973743566111839,0.03736755342097653,144.0,239.0,137.0,173.33333333333334,120.0
PREDICT_original_tf_LBP_energy_R15_P36,0.3920595533498759,0.011483555905452546,0.21863712346531095,0.023197137484256336,111.0,212.0,201.0,174.66666666666666,121.0
PREDICT_original_tf_Gabor_mean_F0.2_A0.79,0.6973886328725039,3.7754746777230096e-06,0.5270431502359145,0.08305723531788378,493.0,17.0,17.0,175.66666666666666,122.0
PREDICT_original_phasef_phasesym_mean_WL3_N5,0.5503958407184214,0.2382485936687656,0.29926268487098384,0.11202061331220792,384.0,140.0,5.0,176.33333333333334,123.0
PREDICT_original_phasef_phasecong_skewness_WL3_N5,0.3954862341959116,0.014391378079913943,0.12786421393106906,0.04824381484071627,119.5,329.0,81.0,176.5,125.0
"PREDICT_original_vf_Frangi_edge_kurtosis_SR(1.0, 10.0)_SS2.0",0.41049273307337825,0.0361048051622469,0.08847200738755902,0.0785175040138617,130.5,377.5,21.5,176.5,125.0
"PREDICT_original_vf_Frangi_full_kurtosis_SR(1.0, 10.0)_SS2.0",0.41049273307337825,0.0361048051622469,0.08847200738755902,0.0785175040138617,130.5,377.5,21.5,176.5,125.0
PREDICT_original_tf_Gabor_kurtosis_F0.2_A2.36,0.41143802434125015,0.03811673177510591,0.23666878077938003,0.01999485968958714,132.0,186.0,218.0,178.66666666666666,127.0
PREDICT_original_tf_Gabor_peak_position_F0.2_A0.79,0.40836582772066643,0.031268622882478295,0.3133273547708577,0.009909730446849396,128.0,133.0,277.0,179.33333333333334,128.0
PREDICT_original_hf_peak,0.6465201465201466,0.0006001380761539784,0.4347394058469951,0.11170291009328959,481.0,58.0,6.0,181.66666666666666,129.0
PREDICT_original_phasef_monogenic_std_WL3_N5,0.423608649415101,0.07370456195537853,0.23071599695907535,0.021818290681016927,146.0,193.0,207.0,182.0,130.0
PREDICT_original_tf_GLCMMS_contrastd3.0A1.57mean,0.3717357910906298,0.0026662257382062413,0.4075568393819614,0.0,67.0,70.0,410.0,182.33333333333334,131.0
PREDICT_original_tf_GLCMMS_correlationd3.0A0.0std,0.43010752688172044,0.10180271742087,0.22091605844927906,0.02569288466363351,154.0,207.0,189.0,183.33333333333334,132.0
PREDICT_original_tf_GLCMMS_energyd1.0A0.0mean,0.39217771475835994,0.01157441501105469,0.2382884845726701,0.013536018995611743,112.0,184.0,260.0,185.33333333333334,133.0
PREDICT_original_tf_GLCM_contrastd1.0A0.0,0.4368427271653078,0.13930812920974173,0.22793449602505733,0.02693263809475699,175.5,199.5,183.5,186.16666666666666,134.5
PREDICT_original_tf_GLCMMS_contrastd1.0A0.0mean,0.4368427271653078,0.13930812920974173,0.22793449602505733,0.02693263809475699,175.5,199.5,183.5,186.16666666666666,134.5
PREDICT_original_tf_GLCMMS_ASMd1.0A2.36std,0.3860333215171925,0.007611775928950166,0.2156593827638135,0.017041289300754547,100.5,219.0,240.0,186.5,136.0
PREDICT_original_tf_Gabor_median_F0.05_A2.36,0.6702115089211863,6.660636363808964e-05,0.5436088136219798,0.05052779660523865,489.0,12.0,72.0,191.0,137.0
PREDICT_original_tf_Gabor_kurtosis_F0.2_A1.57,0.4228996809641971,0.07106624187167541,0.26987409188927647,0.01152794918463318,143.0,158.0,273.0,191.33333333333334,138.0
"PREDICT_original_vf_Frangi_inner_skewness_SR(1.0, 10.0)_SS2.0",0.4289259127968805,0.09614019643175259,0.15229282902953198,0.03587932244905012,151.0,283.0,141.0,191.66666666666666,139.0
PREDICT_original_tf_GLCMMS_ASMd1.0A0.0mean,0.38756941982748433,0.008467628430294553,0.188906469166468,0.018306781055376753,105.0,245.0,227.0,192.33333333333334,140.0
PREDICT_original_phasef_phasesym_entropy_WL3_N5,0.38237031785418885,0.005875581282010127,0.39989202109222777,0.0,93.0,75.0,410.0,192.66666666666666,141.0
PREDICT_original_tf_GLCM_contrastd3.0A2.36,0.4369608885737918,0.14005025480263625,0.22818128226449175,0.021755803111378036,177.5,197.0,209.5,194.66666666666666,142.0
PREDICT_original_tf_GLCMMS_contrastd1.0A2.36std,0.4369608885737918,0.14005025480263625,0.22818128226449166,0.021755803111378036,177.5,198.0,209.5,195.0,143.0
PREDICT_original_tf_GLCMMS_correlationd1.0A0.0std,0.5630391114262082,0.14005025480263625,0.2777189230828642,0.0777688112814734,411.0,151.0,24.0,195.33333333333334,144.0
PREDICT_original_tf_GLCMMS_energyd3.0A0.0mean,0.37740753869786126,0.004092769161017877,0.3683234506866485,0.0,82.5,94.0,410.0,195.5,145.0
PREDICT_original_tf_GLCMMS_contrastd3.0A0.0std,0.38532435306628854,0.007243589451869168,0.38608195557854225,0.0,99.0,79.0,410.0,196.0,146.0
PREDICT_original_tf_Gabor_skewness_F0.5_A2.36,0.49982275788727404,0.9977910692797822,0.1680375748861241,0.06073214173121677,275.0,265.0,50.0,196.66666666666666,147.0
PREDICT_original_logf_peak_position_sigma5,0.5936429162235614,0.027504802136502,0.3441374930053403,0.06663932864064148,453.0,107.0,34.0,198.0,148.0
PREDICT_original_tf_Gabor_median_F0.5_A2.36,0.5812359683327425,0.056595956696998725,0.37262803041346065,0.053559601906023824,443.5,88.5,63.5,198.5,149.5
PREDICT_original_tf_Gabor_peak_F0.5_A2.36,0.5812359683327425,0.056595956696998725,0.37262803041346065,0.053559601906023824,443.5,88.5,63.5,198.5,149.5
PREDICT_original_phasef_phasecong_entropy_WL3_N5,0.39406829729410375,0.013117437367903658,0.40369218429190795,0.0,116.0,72.0,410.0,199.33333333333334,151.5
"PREDICT_original_vf_Frangi_inner_median_SR(1.0, 10.0)_SS2.0",0.5749734136830911,0.06550863314840746,0.27794670845703373,0.08442493444574883,432.0,150.0,16.0,199.33333333333334,151.5
PREDICT_original_hf_min,0.652132813423136,0.0003659880252150637,0.3687978893203313,0.07770285218018835,482.0,93.0,25.0,200.0,153.5
PREDICT_original_tf_GLCMMS_ASMd3.0A2.36mean,0.3724447595415337,0.0028154716367653626,0.3280340933258886,0.0,70.0,120.0,410.0,200.0,153.5
PREDICT_original_phasef_monogenic_quartile_range_WL3_N5,0.43294340068533615,0.11625985380987525,0.2299578200516904,0.015220753964394484,162.0,195.0,247.0,201.33333333333334,155.0
PREDICT_original_sf_cvar_avg_2.5D,0.44653196266099493,0.21080447259225832,0.14441848437643046,0.04208226805416948,194.5,293.0,117.0,201.5,156.0
PREDICT_original_tf_GLCMMS_ASMd3.0A0.0std,0.3738626964433416,0.0031370808820066504,0.327134165795408,0.0,72.0,123.0,410.0,201.66666666666666,157.0
PREDICT_original_tf_Gabor_max_F0.5_A0.0,0.5948836110126433,0.025293966900783504,0.2920719157011764,0.09552325641363613,454.0,144.0,11.0,203.0,158.0
PREDICT_original_tf_GLCMMS_ASMd3.0A2.36std,0.37421718066879356,0.0032225512698531218,0.325230451009075,0.0,75.5,125.0,410.0,203.5,159.0
PREDICT_original_tf_GLCMMS_contrastd1.0A0.0std,0.43199810941746425,0.11141158233301372,0.2545109857527896,0.007267020694964321,158.5,165.0,288.5,204.0,160.0
PREDICT_original_tf_GLCM_contrastd1.0A0.79,0.43199810941746425,0.11141158233301372,0.25451098575278946,0.007267020694964321,158.5,166.0,288.5,204.33333333333334,161.5
PREDICT_original_tf_GLCMMS_contrastd1.0A1.57std,0.4425144747725393,0.17846866490897628,0.19883031371241944,0.026145073261517826,189.5,237.0,186.5,204.33333333333334,161.5
PREDICT_original_tf_GLCM_contrastd3.0A0.79,0.4425144747725393,0.17846866490897628,0.1988303137124194,0.026145073261517826,189.5,238.0,186.5,204.66666666666666,163.0
PREDICT_original_tf_LBP_energy_R3_P12,0.3794162826420891,0.00474494923265799,0.007937843191552225,0.05372593085272315,88.0,467.0,61.0,205.33333333333334,164.0
PREDICT_original_tf_GLCMMS_ASMd1.0A0.79std,0.3901689708141321,0.010113479412622493,0.1924590602859414,0.01259940942728921,109.0,241.0,268.0,206.0,165.0
PREDICT_original_tf_GLCMMS_correlationd3.0A2.36std,0.4468864468864469,0.2138490594533755,0.1287532967991904,0.04316208879111949,196.0,328.0,105.0,209.66666666666666,166.0
PREDICT_original_tf_Gabor_mean_F0.2_A1.57,0.6151482925676474,0.007007093368776217,0.44108826046612815,0.044751991943522196,471.0,57.0,102.0,210.0,167.0
"PREDICT_original_vf_Frangi_edge_median_SR(1.0, 10.0)_SS2.0",0.5807042419945646,0.055276595350601754,0.3553618294508414,0.04691418663289082,439.5,101.5,93.5,211.5,168.5
"PREDICT_original_vf_Frangi_full_median_SR(1.0, 10.0)_SS2.0",0.5807042419945646,0.055276595350601754,0.3553618294508414,0.04691418663289082,439.5,101.5,93.5,211.5,168.5
PREDICT_original_tf_Gabor_min_F0.05_A0.0,0.49066524872976486,0.8271767139388599,0.12238877981124026,0.06545598823495458,262.0,340.0,37.0,213.0,170.0
PREDICT_original_hf_std,0.39938556067588327,0.01847376417350248,0.342407651635659,0.0,122.0,108.0,410.0,213.33333333333334,171.0
PREDICT_original_tf_GLCMMS_contrastd1.0A2.36mean,0.4362519201228879,0.13564283423574655,0.2163176067591518,0.014810869077291677,173.0,217.0,251.5,213.83333333333334,172.0
PREDICT_original_tf_GLCM_contrastd3.0A1.57,0.4362519201228879,0.13564283423574655,0.21631760675915176,0.014810869077291677,173.0,218.0,251.5,214.16666666666666,173.0
PREDICT_original_tf_Gabor_mean_F0.05_A2.36,0.6669029894836347,9.263887045078516e-05,0.4807413143638007,0.043300504918186045,487.0,52.0,104.0,214.33333333333334,174.0
PREDICT_original_phasef_monogenic_median_WL3_N5,0.5711922486116034,0.09272261518770264,0.256289322347935,0.05427535877986833,427.0,163.0,60.0,216.66666666666666,175.5
PREDICT_original_logf_min_sigma5,0.4981684981684982,0.9668755177710737,0.13046025761741872,0.059366182661495515,271.0,326.0,53.0,216.66666666666666,175.5
PREDICT_original_tf_GLCMMS_dissimilarityd1.0A2.36mean,0.4618929457639135,0.37268618509725404,0.11180416225676668,0.04917166114899718,218.5,355.0,77.5,217.0,177.0
PREDICT_original_tf_GLCM_dissimilarityd3.0A1.57,0.4618929457639135,0.37268618509725404,0.1118041622567666,0.04917166114899718,218.5,356.0,77.5,217.33333333333334,178.0
PREDICT_original_tf_Gabor_skewness_F0.2_A0.79,0.640789318208673,0.0009763002509206031,0.4758644551842517,0.04012412212223815,480.0,54.0,123.0,219.0,179.0
"PREDICT_original_vf_Frangi_edge_peak_position_SR(1.0, 10.0)_SS2.0",0.5576036866359447,0.02122903427300605,0.34075738417183377,0.034807387137983925,401.5,110.5,145.5,219.16666666666666,180.5
"PREDICT_original_vf_Frangi_full_peak_position_SR(1.0, 10.0)_SS2.0",0.5576036866359447,0.02122903427300605,0.34075738417183377,0.034807387137983925,401.5,110.5,145.5,219.16666666666666,180.5
PREDICT_original_sf_solidity_std_2.5D,0.42987120406475243,0.10064946131269596,0.012276030890191235,0.06375019951892913,153.0,465.0,41.0,219.66666666666666,182.0
PREDICT_original_tf_Gabor_peak_position_F0.5_A0.79,0.4053527118043247,0.026408730869805937,0.32595590375728595,0.0,126.0,124.0,410.0,220.0,183.5
PREDICT_original_sf_solidity_avg_2.5D,0.41592815786364173,0.049022640145420564,0.04412595253748496,0.04733993087656985,136.0,435.0,89.0,220.0,183.5
PREDICT_original_tf_Gabor_std_F0.5_A2.36,0.6017960534089566,0.017141065339481284,0.2968625591316965,0.05359869324946276,463.0,141.0,62.0,222.0,185.5
PREDICT_original_phasef_phasecong_energy_WL3_N5,0.4037575327897909,0.024224558855113192,0.31341034150863184,0.0,124.0,132.0,410.0,222.0,185.5
"PREDICT_original_vf_Frangi_full_min_SR(1.0, 10.0)_SS2.0",0.5519319390287132,0.04129384506844364,0.3272853891220136,0.03331268618676164,388.5,121.5,156.5,222.16666666666666,187.5
"PREDICT_original_vf_Frangi_edge_min_SR(1.0, 10.0)_SS2.0",0.5519319390287132,0.04129384506844364,0.3272853891220136,0.03331268618676164,388.5,121.5,156.5,222.16666666666666,187.5
PREDICT_original_tf_Gabor_quartile_range_F0.05_A0.0,0.6139075977785655,0.007000979128815384,0.37121003728228824,0.04288442483458699,470.0,91.0,108.0,223.0,189.0
PREDICT_original_logf_max_sigma5,0.488951908306747,0.7968164729350267,0.13731580028914084,0.04461418661869687,258.5,308.0,103.0,223.16666666666666,190.0
PREDICT_original_tf_Gabor_min_F0.2_A0.79,0.5580763322698806,0.15412335328946897,0.20814901236914965,0.06268940151780278,404.0,227.0,42.0,224.33333333333334,191.0
PREDICT_original_tf_Gabor_peak_position_F0.5_A1.57,0.434656741108354,0.1251979155815472,0.23228305448495556,0.0026619208892570967,170.0,189.0,317.0,225.33333333333334,192.0
PREDICT_original_logf_kurtosis_sigma10,0.46638307928630507,0.4317207524238137,0.07834506392605753,0.057723872826209055,226.0,397.0,54.0,225.66666666666666,193.0
PREDICT_original_tf_GLCMMS_correlationd1.0A1.57std,0.5407066052227343,0.34091456651932506,0.2109714025836121,0.04767740510311058,368.0,223.0,87.0,226.0,194.0
PREDICT_original_phasef_phasesym_quartile_range_WL3_N5,0.5592579463547206,0.02646346861387764,0.33912224197812185,0.029931508984452515,405.0,113.0,168.0,228.66666666666666,195.0
PREDICT_original_tf_GLCMMS_homogeneityd1.0A2.36mean,0.45563039111426207,0.2991849290641482,0.13979447497036515,0.028738916055925934,209.5,300.0,177.5,229.0,196.0
PREDICT_original_tf_GLCM_homogeneityd3.0A1.57,0.45563039111426207,0.2991849290641482,0.13979447497036507,0.028738916055925934,209.5,301.0,177.5,229.33333333333334,197.5
PREDICT_original_tf_Gabor_kurtosis_F0.2_A0.79,0.47489070069715233,0.5572578539929142,0.2155101306200478,0.019149584795399077,246.0,220.0,222.0,229.33333333333334,197.5
PREDICT_original_hf_quartile_range,0.44942691716885264,0.2361155851273532,0.24448375456347315,0.0030052973195897614,198.0,177.0,314.0,229.66666666666666,199.0
PREDICT_original_tf_GLCMMS_contrastd1.0A0.79mean,0.41805506321635355,0.055039797193993135,0.2939201627371298,0.0,137.5,142.0,410.0,229.83333333333334,200.0
PREDICT_original_tf_GLCM_contrastd1.0A1.57,0.41805506321635355,0.055039797193993135,0.29392016273712973,0.0,137.5,143.0,410.0,230.16666666666666,201.0
PREDICT_original_logf_skewness_sigma5,0.4423963133640553,0.17757686926335736,0.230989216157757,0.003254866590898242,188.0,191.0,312.0,230.33333333333334,202.0
PREDICT_original_tf_GLCMMS_homogeneityd1.0A1.57mean,0.4406238922367955,0.1645954520837477,0.15649872735344122,0.018170911490159147,185.5,276.5,229.5,230.5,203.5
PREDICT_original_tf_GLCM_homogeneityd3.0A0.0,0.4406238922367955,0.1645954520837477,0.15649872735344122,0.018170911490159147,185.5,276.5,229.5,230.5,203.5
PREDICT_original_sf_compactness_std_2.5D,0.39194139194139194,0.011393330385727256,0.24453998711205935,0.0,110.0,176.0,410.0,232.0,205.0
PREDICT_original_tf_Gabor_mean_F0.2_A2.36,0.6723384142738982,5.42649342613296e-05,0.45681753595822583,0.03394542541045342,491.0,56.0,151.0,232.66666666666666,206.0
PREDICT_original_tf_GLCMMS_dissimilarityd1.0A0.0std,0.4517310646342904,0.25866885947439733,0.16567321175887542,0.017838727778020536,203.5,268.0,233.5,235.0,207.0
PREDICT_original_tf_GLCM_dissimilarityd1.0A0.79,0.4517310646342904,0.25866885947439733,0.16567321175887517,0.017838727778020536,203.5,269.0,233.5,235.33333333333334,208.0
PREDICT_original_logf_range_sigma10,0.500768049155146,0.9867470082183171,0.12545118781314163,0.049131001325728896,294.0,334.0,79.0,235.66666666666666,209.0
PREDICT_original_tf_Gabor_quartile_range_F0.05_A0.79,0.6209382015833629,0.004033508583876272,0.4294302119851671,0.029289646318133356,475.0,60.0,173.0,236.0,210.5
PREDICT_original_tf_GLCMMS_correlationd3.0A0.0mean,0.41462838237031785,0.045624794506859585,0.2560928178557895,0.0,134.0,164.0,410.0,236.0,210.5
PREDICT_original_tf_Gabor_kurtosis_F0.5_A0.0,0.43826066406711567,0.1484156037920338,0.0859220603327391,0.03403508204182959,180.0,381.0,148.0,236.33333333333334,212.0
PREDICT_original_phasef_phasesym_skewness_WL3_N5,0.43979676237740756,0.1587878013161983,0.2072481259068843,0.004572387429678804,181.0,230.0,303.0,238.0,213.5
"PREDICT_original_vf_Frangi_inner_std_SR(1.0, 10.0)_SS2.0",0.42349048800661704,0.07325936133336058,0.26524009757800937,0.0,145.0,159.0,410.0,238.0,213.5
PREDICT_original_tf_GLCMMS_correlationd1.0A2.36std,0.5417700578990902,0.328432464275875,0.22559951203974946,0.03615155172943152,371.0,204.0,140.0,238.33333333333334,215.0
PREDICT_original_tf_Gabor_mean_F0.05_A0.79,0.6074678010161881,0.011850831404756575,0.4174057399345849,0.026431659604647884,466.5,67.0,185.0,239.5,216.0
PREDICT_original_phasef_phasesym_std_WL3_N5,0.5414155736736382,0.33255982187277755,0.1962717615750735,0.04255222382303825,370.0,240.0,112.0,240.66666666666666,217.0
PREDICT_original_tf_Gabor_min_F0.5_A0.0,0.45438969632518017,0.282160151245041,0.15420235456039574,0.01760580852336191,208.0,280.0,236.0,241.33333333333334,218.0
PREDICT_original_tf_LBP_mean_R15_P36,0.4510220961833865,0.2517314863940342,0.14809242909178374,0.015554963925362708,202.0,286.0,242.0,243.33333333333334,219.0
PREDICT_original_tf_Gabor_range_F0.05_A0.0,0.5190239867659222,0.6564507533462027,0.10532765035682025,0.06504350066214082,334.0,360.0,39.0,244.33333333333334,220.0
PREDICT_original_tf_Gabor_peak_position_F0.05_A0.79,0.5281814959234314,0.5090155751354775,0.16053681870238404,0.04270076187918481,352.0,274.0,110.0,245.33333333333334,221.0
PREDICT_original_phasef_phasesym_kurtosis_WL3_N5,0.4381425026586317,0.14763969574484956,0.1643713057171297,0.007611899956083912,179.0,271.0,287.0,245.66666666666666,222.0
PREDICT_original_sf_roughness_avg_2.5D,0.37705305447240933,0.003986510974185094,0.07576993006860447,0.013137554147019337,81.0,399.0,264.0,248.0,223.0
PREDICT_original_tf_Gabor_range_F0.5_A0.0,0.5710740872031195,0.09540948020359899,0.23367533993476686,0.039004895547449125,426.0,187.0,132.0,248.33333333333334,224.0
PREDICT_original_tf_Gabor_energy_F0.5_A0.0,0.3834337705305447,0.006338644483331974,0.06444112350650959,0.015381915266859947,94.0,409.0,244.0,249.0,225.0
PREDICT_original_tf_Gabor_energy_F0.05_A1.57,0.3714994682736618,0.0026181071661423565,0.008272357892323005,0.020152039466331706,66.0,466.0,216.0,249.33333333333334,226.5
PREDICT_original_tf_Gabor_quartile_range_F0.5_A1.57,0.5478553704360156,0.24587364329798067,0.10104618660671835,0.11421860902527081,380.0,365.0,3.0,249.33333333333334,226.5
PREDICT_original_phasef_phasesym_median_WL3_N5,0.5167198393004845,0.16576152391739263,0.21723804495699428,0.02157183042416655,323.0,216.0,211.0,250.0,228.0
"PREDICT_original_vf_Frangi_full_std_SR(1.0, 10.0)_SS2.0",0.46921895308992084,0.4716439664907779,0.13251165448091284,0.022966126044005275,231.0,319.5,202.5,251.0,231.5
PREDICT_original_phasef_phasecong_kurtosis_WL3_N5,0.39288668320926384,0.012133085987081575,0.034559985756634694,0.024507595401213722,114.0,444.0,195.0,251.0,231.5
PREDICT_original_tf_Gabor_energy_F0.5_A0.79,0.380361573909961,0.0050832625981104985,0.1833102222382217,0.0,90.0,253.0,410.0,251.0,231.5
PREDICT_original_tf_Gabor_peak_position_F0.2_A0.0,0.48534798534798534,0.7311254468701347,0.06270782350222923,0.04784321905968558,255.0,413.0,85.0,251.0,231.5
PREDICT_original_tf_GLCMMS_correlationd1.0A0.79mean,0.5789909015715468,0.06440732761802459,0.30338295510863567,0.02825803681865291,436.0,138.0,179.0,251.0,231.5
"PREDICT_original_vf_Frangi_edge_std_SR(1.0, 10.0)_SS2.0",0.46921895308992084,0.4716439664907779,0.13251165448091284,0.022966126044005275,231.0,319.5,202.5,251.0,231.5
PREDICT_original_tf_Gabor_std_F0.5_A0.79,0.5704832801606995,0.09893912545558553,0.16710365647953906,0.05299451402076305,423.0,267.0,65.0,251.66666666666666,235.5
PREDICT_original_tf_LBP_skewness_R8_P24,0.5726101855134114,0.0891588787737223,0.1856351913575434,0.049407008531083596,430.0,249.0,76.0,251.66666666666666,235.5
PREDICT_original_tf_Gabor_peak_F0.5_A0.0,0.4744180550632163,0.5496809584432032,0.13058359199622901,0.0256505544317589,244.5,324.5,190.5,253.16666666666666,237.5
PREDICT_original_tf_Gabor_median_F0.5_A0.0,0.4744180550632163,0.5496809584432032,0.13058359199622901,0.0256505544317589,244.5,324.5,190.5,253.16666666666666,237.5
PREDICT_original_of_theta_y,0.44830438378825477,0.22634447855989426,0.2745553567795774,0.0,197.0,154.0,410.0,253.66666666666666,239.0
PREDICT_original_tf_Gabor_min_F0.5_A2.36,0.4295758005435425,0.0889576684605987,0.22045505809808236,0.0,152.0,210.0,410.0,257.3333333333333,240.0
PREDICT_original_tf_Gabor_peak_F0.5_A1.57,0.510043719721139,0.8147809615379265,0.13313098151252037,0.03401516909033142,312.5,317.5,149.5,259.8333333333333,241.5
PREDICT_original_tf_Gabor_median_F0.5_A1.57,0.510043719721139,0.8147809615379265,0.13313098151252037,0.03401516909033142,312.5,317.5,149.5,259.8333333333333,241.5
PREDICT_original_tf_Gabor_median_F0.2_A0.0,0.597128677773839,0.022422887334744974,0.22069970281379425,0.042152737422112896,456.5,208.5,115.5,260.1666666666667,243.5
PREDICT_original_tf_Gabor_peak_F0.2_A0.0,0.597128677773839,0.022422887334744974,0.22069970281379425,0.042152737422112896,456.5,208.5,115.5,260.1666666666667,243.5
PREDICT_original_tf_GLCMMS_dissimilarityd1.0A0.79mean,0.4328252392768522,0.11583441263594559,0.21820579732920373,0.0,160.5,213.0,410.0,261.1666666666667,245.0
PREDICT_original_tf_GLCMMS_correlationd1.0A0.79std,0.5524045846626492,0.22003313255081114,0.2466832101270312,0.01932434964407692,390.0,174.0,220.0,261.3333333333333,246.0
PREDICT_original_tf_GLCM_dissimilarityd1.0A1.57,0.4328252392768522,0.11583441263594559,0.21820579732920367,0.0,160.5,214.0,410.0,261.5,247.0
PREDICT_original_tf_Gabor_mean_F0.2_A0.0,0.6555594942691717,0.0002691337113568678,0.3809588464710854,0.019414373018273645,483.5,83.0,219.0,261.8333333333333,248.0
PREDICT_original_tf_GLCMMS_correlationd3.0A1.57mean,0.4523218716767104,0.26455034898240926,0.13871396609776926,0.008262630566053586,205.0,302.0,284.0,263.6666666666667,249.0
PREDICT_original_tf_Gabor_range_F0.5_A0.79,0.586907715939974,0.04042872003115663,0.245584116118575,0.030160502276946666,450.0,175.0,167.0,264.0,250.0
PREDICT_original_tf_Gabor_mean_F0.05_A1.57,0.6555594942691717,0.0002691337113568678,0.4583151725405931,0.014614034462048009,483.5,55.0,256.0,264.8333333333333,251.0
PREDICT_original_tf_Gabor_std_F0.5_A0.0,0.5743826066406712,0.08161721520134006,0.2493289032046405,0.025253749439365425,431.0,172.0,192.0,265.0,252.0
PREDICT_original_tf_Gabor_kurtosis_F0.5_A2.36,0.43388869195320806,0.12172234420453985,0.2116212459836493,0.0,164.0,222.0,410.0,265.3333333333333,253.5
PREDICT_original_tf_GLCMMS_correlationd3.0A2.36mean,0.4500768049155146,0.2426850565746178,0.10741432602976742,0.017568044355163348,201.0,358.0,237.0,265.3333333333333,253.5
PREDICT_original_tf_Gabor_mean_F0.5_A0.0,0.6233014297530427,0.0038827636175463457,0.37690240741457887,0.015706045438336647,479.0,84.0,241.0,268.0,255.0
PREDICT_original_tf_GLCM_dissimilarityd1.0A2.36,0.4595297175942337,0.34372909603812474,0.14146521742083099,0.005587211178677665,212.5,298.0,295.5,268.6666666666667,256.0
PREDICT_original_tf_GLCMMS_dissimilarityd1.0A0.79std,0.4595297175942337,0.34372909603812474,0.14146521742083096,0.005587211178677665,212.5,299.0,295.5,269.0,257.0
PREDICT_original_tf_GLCMMS_dissimilarityd1.0A2.36std,0.4600023632281697,0.349402527565302,0.1202820745303506,0.015064004011448917,214.5,346.0,248.5,269.6666666666667,258.0
PREDICT_original_tf_GLCM_dissimilarityd3.0A2.36,0.4600023632281697,0.349402527565302,0.12028207453035028,0.015064004011448917,214.5,347.0,248.5,270.0,259.5
"PREDICT_original_vf_Frangi_inner_min_SR(1.0, 10.0)_SS2.0",0.5373980857851826,0.1615658872043535,0.2511464008934793,0.009421209306154088,364.0,168.0,278.0,270.0,259.5
PREDICT_original_tf_Gabor_max_F0.05_A0.79,0.5628027886092403,0.13925238628766748,0.1119312037963081,0.06154761662925701,410.0,354.0,47.0,270.3333333333333,261.0
PREDICT_original_sf_evar_std_2.5D,0.4633108826657214,0.390764829113328,0.09524695529771975,0.020082408571135746,220.0,375.0,217.0,270.6666666666667,262.0
PREDICT_original_tf_Gabor_min_F0.05_A1.57,0.499763677183032,0.9966692141055096,0.038536547598485925,0.04526659882002182,274.0,439.0,100.0,271.0,263.0
PREDICT_original_tf_Gabor_peak_F0.5_A0.79,0.5787545787545788,0.06495649205280454,0.37633388781499155,0.006148840629415675,434.5,85.5,293.5,271.1666666666667,264.5
PREDICT_original_tf_Gabor_median_F0.5_A0.79,0.5787545787545788,0.06495649205280454,0.37633388781499155,0.006148840629415675,434.5,85.5,293.5,271.1666666666667,264.5
"PREDICT_original_vf_Frangi_full_skewness_SR(1.0, 10.0)_SS2.0",0.42254519673874513,0.0697764069106904,0.1771607264226177,0.0,141.5,262.5,410.0,271.3333333333333,266.5
"PREDICT_original_vf_Frangi_edge_skewness_SR(1.0, 10.0)_SS2.0",0.42254519673874513,0.0697764069106904,0.1771607264226177,0.0,141.5,262.5,410.0,271.3333333333333,266.5
PREDICT_original_sf_prax_avg_2.5D,0.5119933829611248,0.7797711702451471,0.08014504635102923,0.04266215314492383,314.0,392.0,111.0,272.3333333333333,268.0
PREDICT_original_phasef_phasesym_range_WL3_N5,0.5317263381779511,0.4580671542191628,0.14589913911812563,0.029423836509868018,359.5,291.5,171.5,274.1666666666667,269.5
PREDICT_original_phasef_phasesym_max_WL3_N5,0.5317263381779511,0.4580671542191628,0.14589913911812563,0.029423836509868018,359.5,291.5,171.5,274.1666666666667,269.5
PREDICT_original_phasef_monogenic_skewness_WL3_N5,0.4360155973059199,0.134197745067347,0.1923328243465624,0.0,171.0,243.0,410.0,274.6666666666667,271.5
PREDICT_original_tf_Gabor_range_F0.2_A0.79,0.5174878884556304,0.6799247742341519,0.013184807955164211,0.06984799124828123,331.0,463.0,30.0,274.6666666666667,271.5
PREDICT_original_tf_Gabor_min_F0.5_A1.57,0.47229114971050457,0.5105924011286763,0.03272805726290614,0.036426835021019066,239.0,447.0,139.0,275.0,273.0
PREDICT_original_tf_Gabor_range_F0.05_A0.79,0.5546496514238449,0.19991088696325443,0.12139255205828532,0.047451355488474345,395.0,343.0,88.0,275.3333333333333,274.0
PREDICT_original_tf_GLCM_homogeneityd3.0A0.79,0.43424317617866004,0.1237361676986966,0.18526904854653392,0.0,166.5,250.0,410.0,275.5,275.0
PREDICT_original_tf_GLCMMS_homogeneityd1.0A1.57std,0.43424317617866004,0.1237361676986966,0.18526904854653362,0.0,166.5,251.0,410.0,275.8333333333333,276.0
"PREDICT_original_vf_Frangi_inner_quartile_range_SR(1.0, 10.0)_SS2.0",0.488951908306747,0.7968164729350267,0.03224398636903892,0.040179144004306444,258.5,449.0,122.0,276.5,277.0
PREDICT_original_tf_GLCM_correlationd3.0A0.79,0.5182559376107764,0.6698549449952858,0.10323767114752781,0.037862921579387976,333.0,362.0,135.0,276.6666666666667,278.0
PREDICT_original_tf_LBP_std_R3_P12,0.5229823939501359,0.5912077953817394,0.1351298643622267,0.028871339489979997,344.0,312.0,176.0,277.3333333333333,279.0
PREDICT_original_sf_area_min_2.5D,0.44653196266099493,0.21080447259225832,0.20776424048844264,0.0,194.5,228.0,410.0,277.5,280.0
PREDICT_original_logf_skewness_sigma10,0.434361337587144,0.1244131906810106,0.18098594118581598,0.0,169.0,255.0,410.0,278.0,281.0
PREDICT_original_tf_Gabor_peak_F0.05_A0.79,0.5129386742289969,0.7627327622403376,0.14270829041698116,0.019164937799882598,318.0,296.0,221.0,278.3333333333333,282.0
PREDICT_original_tf_Gabor_std_F0.05_A0.0,0.46921895308992084,0.4716439664907779,0.1349654347669257,0.006244585205616993,231.0,313.0,292.0,278.6666666666667,283.5
PREDICT_original_tf_Gabor_std_F0.05_A0.79,0.5532317145220371,0.21283069227436047,0.1512329651764237,0.03208921159372147,392.0,285.0,159.0,278.6666666666667,283.5
PREDICT_original_logf_std_sigma10,0.5067942809878294,0.8746114079300704,0.08835797428343815,0.03358226865743097,305.0,379.0,154.0,279.3333333333333,285.0
PREDICT_original_tf_Gabor_range_F0.05_A2.36,0.5404112017015242,0.3432233544682226,0.046285068183884906,0.06199488976674705,367.0,429.0,44.0,280.0,286.0
PREDICT_original_tf_Gabor_range_F0.5_A1.57,0.5573673638189767,0.17794125560482876,0.09708737531281861,0.050483558792416616,400.0,369.0,73.0,280.6666666666667,287.0
PREDICT_original_tf_Gabor_peak_F0.05_A0.0,0.5835991965024223,0.050160066277518185,0.2511120995718872,0.018179299042504482,446.0,169.0,228.0,281.0,288.5
PREDICT_original_tf_LBP_skewness_R3_P12,0.5553586198747489,0.19509533161907622,0.16107982271152138,0.029068183708563344,396.0,272.0,175.0,281.0,288.5
"PREDICT_original_vf_Frangi_full_peak_SR(1.0, 10.0)_SS2.0",0.5563039111426208,0.024336303988233228,0.3101939986011296,0.0032831595539737357,397.5,135.5,310.5,281.1666666666667,290.5
"PREDICT_original_vf_Frangi_edge_peak_SR(1.0, 10.0)_SS2.0",0.5563039111426208,0.024336303988233228,0.3101939986011296,0.0032831595539737357,397.5,135.5,310.5,281.1666666666667,290.5
PREDICT_original_tf_Gabor_min_F0.05_A0.79,0.46602859506085315,0.4229151832491771,0.11596174148378478,0.01215344084273351,225.0,351.0,269.0,281.6666666666667,292.0
"PREDICT_original_vf_Frangi_edge_quartile_range_SR(1.0, 10.0)_SS2.0",0.5171924849344204,0.6881030450568217,0.02955330439021048,0.05137802522396773,327.0,450.5,68.5,282.0,294.5
"PREDICT_original_vf_Frangi_full_quartile_range_SR(1.0, 10.0)_SS2.0",0.5171924849344204,0.6881030450568217,0.02955330439021048,0.05137802522396773,327.0,450.5,68.5,282.0,294.5
PREDICT_original_tf_Gabor_kurtosis_F0.5_A0.79,0.4700460829493088,0.4836604471723308,0.22719492025848265,0.0,235.0,201.0,410.0,282.0,294.5
PREDICT_original_logf_kurtosis_sigma5,0.49391468746307454,0.8877175789905946,0.13680312741774253,0.011748049132993987,266.0,309.0,271.0,282.0,294.5
PREDICT_original_phasef_phasecong_median_WL3_N5,0.4946236559139785,0.32791674165378937,0.1466471150213533,0.006447175489729062,267.0,290.0,290.0,282.3333333333333,297.5
PREDICT_original_tf_Gabor_mean_F0.5_A1.57,0.6207018787663949,0.004704125148511384,0.40258538316615994,0.005082809179710379,474.0,73.0,300.0,282.3333333333333,297.5
"PREDICT_original_vf_Frangi_inner_mean_SR(1.0, 10.0)_SS2.0",0.5088030249320572,0.8376751907268073,0.13856153641766708,0.017745931081963207,310.0,303.0,235.0,282.6666666666667,299.0
PREDICT_original_tf_GLCMMS_correlationd3.0A1.57std,0.44145102209618337,0.17056164152979558,0.18381498082522008,0.0,187.0,252.0,410.0,283.0,300.0
PREDICT_original_tf_GLCM_energyd1.0A2.36,0.5226279097246839,0.5969572834241492,0.052651752367743596,0.048117838763653165,342.5,425.0,82.0,283.1666666666667,301.0
PREDICT_original_tf_Gabor_max_F0.2_A0.79,0.5622119815668203,0.13393473316692087,0.13470595607944602,0.03957876310501218,408.0,314.0,128.0,283.3333333333333,302.0
PREDICT_original_logf_peak_sigma1,0.5690653432588917,0.10592198664921251,0.1782617354720721,0.029262373576665945,421.0,259.0,174.0,284.6666666666667,303.5
PREDICT_original_tf_LBP_mean_R3_P12,0.44050573082831146,0.16375612931752492,0.17812349816931528,0.0,184.0,260.0,410.0,284.6666666666667,303.5
PREDICT_original_logf_median_sigma1,0.5811178069242585,0.05754036217120208,0.21913288237874848,0.02207206991897115,441.5,211.0,206.0,286.1666666666667,305.0
PREDICT_original_tf_Gabor_mean_F0.05_A0.0,0.6121942573555477,0.008606674246989325,0.40728759323871494,0.0019174585279471135,469.0,71.0,319.0,286.3333333333333,306.0
PREDICT_original_tf_Gabor_median_F0.05_A0.0,0.5717830556540234,0.092745781184603,0.3236231753343768,0.0034009312750065135,428.0,126.0,308.0,287.3333333333333,307.0
PREDICT_original_sf_compactness_avg_2.5D,0.6056953798889283,0.013322575030327265,0.08211795554990474,0.08537040187223655,465.0,390.0,15.0,290.0,308.0
PREDICT_original_tf_LBP_median_R3_P12,0.46390168970814133,0.3084191713933353,0.07981651507844466,0.014523805984837823,221.0,393.0,257.0,290.3333333333333,309.0
PREDICT_original_tf_Gabor_quartile_range_F0.05_A2.36,0.5854897790381661,0.04228007906650469,0.24979317833009404,0.013989087878987672,448.0,171.0,259.0,292.6666666666667,310.0
PREDICT_original_phasef_monogenic_range_WL3_N5,0.4435779274488952,0.1663148322198209,0.1555369132953691,0.0,191.0,278.0,410.0,293.0,311.0
"PREDICT_original_vf_Frangi_inner_peak_position_SR(1.0, 10.0)_SS2.0",0.5498641143802434,0.057943141665096204,0.2021754498413149,0.01282010509635434,383.0,235.0,267.0,295.0,312.0
PREDICT_original_tf_LBP_quartile_range_R15_P36,0.5022450667611958,0.9165335211805885,0.08156602860980965,0.023629479900294514,296.0,391.0,199.0,295.3333333333333,313.0
PREDICT_original_tf_Gabor_std_F0.05_A2.36,0.522037102682264,0.6065958562827862,0.03315836067123519,0.04524273982877136,341.0,446.0,101.0,296.0,314.0
PREDICT_original_tf_Gabor_energy_F0.05_A0.79,0.3837882547559967,0.006500145817705782,0.08484630050570854,0.0,95.0,385.0,410.0,296.6666666666667,315.0
PREDICT_original_tf_Gabor_max_F0.05_A0.0,0.5162471936665485,0.7036723544019077,0.08548984361556297,0.0259614580954437,322.0,382.0,188.0,297.3333333333333,316.5
PREDICT_original_of_theta_z,0.5305447240931112,0.47506035649231126,0.1419334016851947,0.017417515536156003,357.0,297.0,238.0,297.3333333333333,316.5
PREDICT_original_tf_Gabor_max_F0.2_A1.57,0.5661113080467919,0.11031509145503599,0.04940290050966102,0.060594430000634025,416.0,426.0,51.0,297.6666666666667,318.0
PREDICT_original_tf_GLCMMS_homogeneityd1.0A0.79std,0.4659104336523691,0.4252626301905099,0.07924208281552737,0.009307388947768391,223.5,394.0,279.5,299.0,319.0
PREDICT_original_tf_GLCM_homogeneityd1.0A2.36,0.4659104336523691,0.4252626301905099,0.07924208281552733,0.009307388947768391,223.5,395.0,279.5,299.3333333333333,320.0
PREDICT_original_sf_convexity_std_2.5D,0.3958407184213636,0.014726435584294512,0.09660125337353477,0.0,121.0,372.0,410.0,301.0,322.0
PREDICT_original_tf_Gabor_mean_F0.5_A0.79,0.6944345976604042,5.259477396431893e-06,0.6998416557797247,0.0,492.0,1.0,410.0,301.0,322.0
PREDICT_original_tf_Gabor_max_F0.5_A1.57,0.5781637717121588,0.06458561324877903,0.1358667962663042,0.0318809958963755,433.0,310.0,160.0,301.0,322.0
PREDICT_original_tf_Gabor_quartile_range_F0.5_A2.36,0.5457875457875457,0.2552190835110326,0.12719566657258535,0.02333775773357205,376.0,330.0,200.0,302.0,324.5
PREDICT_original_logf_max_sigma10,0.5169561621174524,0.6921834252240922,0.12594302334498378,0.01493265136650912,324.0,332.0,250.0,302.0,324.5
PREDICT_original_tf_Gabor_mean_F0.5_A2.36,0.6693843790617984,7.270891540809485e-05,0.5498697809038608,0.0,488.0,10.0,410.0,302.6666666666667,326.0
PREDICT_original_tf_Gabor_range_F0.2_A2.36,0.5886210563629919,0.03580152998683254,0.11367518266861117,0.04284212112380503,451.0,353.0,109.0,304.3333333333333,327.0
PREDICT_original_tf_GLCM_ASMd1.0A2.36,0.5226279097246839,0.5969572834241492,0.0037766820554475584,0.04537025422259022,342.5,473.0,98.0,304.5,328.5
PREDICT_original_tf_GLCMMS_homogeneityd1.0A2.36std,0.4494859978730946,0.23714848066730132,0.13816454991993501,0.0,199.5,304.0,410.0,304.5,328.5
PREDICT_original_tf_Gabor_max_F0.2_A0.0,0.5795226279097246,0.05590388916489771,0.15346920980332707,0.024310999467683336,437.0,281.0,196.0,304.6666666666667,330.0
PREDICT_original_tf_GLCM_homogeneityd3.0A2.36,0.4494859978730946,0.23714848066730132,0.1381645499199349,0.0,199.5,305.0,410.0,304.8333333333333,331.0
PREDICT_original_hf_mean,0.6667848280751506,9.370616897021206e-05,0.5221660415486759,0.0,486.0,20.0,410.0,305.3333333333333,332.0
PREDICT_original_phasef_monogenic_max_WL3_N5,0.446000236322817,0.17477441801264182,0.1335254363926793,0.0,193.0,316.0,410.0,306.3333333333333,333.0
PREDICT_original_tf_Gabor_range_F0.5_A2.36,0.6052818149592343,0.013053954790426063,0.30307952919046455,0.0016790549167808866,464.0,139.0,320.0,307.6666666666667,334.0
PREDICT_original_tf_Gabor_median_F0.05_A1.57,0.5925794635472055,0.030139664436856856,0.41896501448905243,0.0,452.0,65.0,410.0,309.0,335.0
"PREDICT_original_vf_Frangi_inner_peak_SR(1.0, 10.0)_SS2.0",0.5498050336760014,0.058255515741731,0.18589116578366052,0.005364532287520429,382.0,248.0,299.0,309.6666666666667,336.0
PREDICT_original_tf_GLCM_correlationd1.0A0.79,0.5446059317027059,0.2966150283429847,0.20236133071051926,0.0015491447764808264,375.0,234.0,321.0,310.0,337.5
PREDICT_original_tf_GLCM_correlationd3.0A0.0,0.5171924849344204,0.6881030450568217,0.1169164002088947,0.014782439259775293,327.0,350.0,253.0,310.0,337.5
PREDICT_original_tf_GLCMMS_dissimilarityd1.0A0.0mean,0.4609476544960416,0.3609265827866547,0.13772811733185775,0.0,216.5,306.0,410.0,310.8333333333333,339.0
PREDICT_original_tf_GLCM_dissimilarityd1.0A0.0,0.4609476544960416,0.3609265827866547,0.13772811733185747,0.0,216.5,307.0,410.0,311.1666666666667,340.0
PREDICT_original_phasef_phasecong_std_WL3_N5,0.5677655677655677,0.1126614287122233,0.09293082524102236,0.03513793672125076,418.0,376.0,144.0,312.6666666666667,341.0
PREDICT_original_tf_Gabor_range_F0.05_A1.57,0.5125251092993028,0.7699367209634123,0.05916330183458128,0.021774903317456573,317.0,417.0,208.0,314.0,342.0
PREDICT_original_hf_skewness,0.5207373271889401,0.6280414685612671,0.13186566751382944,0.008269160871496872,339.0,321.0,283.0,314.3333333333333,343.0
PREDICT_original_hf_median,0.662885501595179,0.0001361921368276905,0.48606563559415966,0.0,485.0,51.0,410.0,315.3333333333333,344.5
PREDICT_original_phasef_monogenic_energy_WL3_N5,0.42632636181023276,0.08456932729706525,0.08435494770562961,0.0,150.0,386.0,410.0,315.3333333333333,344.5
PREDICT_original_tf_Gabor_std_F0.2_A0.79,0.49533262436488246,0.9140186822079485,0.10188210124134095,0.001481247697714183,269.0,364.0,322.0,318.3333333333333,346.5
PREDICT_original_tf_GLCMMS_dissimilarityd1.0A1.57std,0.4737090866123124,0.5388161035143065,0.08262635445012391,0.0007218297747733082,242.5,388.0,324.5,318.3333333333333,346.5
PREDICT_original_tf_GLCM_dissimilarityd3.0A0.79,0.4737090866123124,0.5388161035143065,0.08262635445012384,0.0007218297747733082,242.5,389.0,324.5,318.6666666666667,348.0
PREDICT_original_tf_LBP_quartile_range_R3_P12,0.6074678010161881,0.005837663927726114,0.38390117630300574,0.0,466.5,81.0,410.0,319.1666666666667,349.0
PREDICT_original_logf_peak_position_sigma10,0.6156800189058254,0.006514247891158763,0.3878289387906436,0.0,472.0,78.0,410.0,320.0,350.0
PREDICT_original_tf_Gabor_kurtosis_F0.5_A1.57,0.445468509984639,0.20185910165345233,0.10668728642616121,0.0,192.0,359.0,410.0,320.3333333333333,351.5
PREDICT_original_tf_Gabor_skewness_F0.2_A1.57,0.5306628855015951,0.4733504660142752,0.0035375140685563826,0.03945434042624174,358.0,474.0,129.0,320.3333333333333,351.5
PREDICT_original_logf_peak_position_sigma1,0.5021269053527118,0.9610954699255746,0.03438820558694697,0.01863008617807438,295.0,445.0,225.0,321.6666666666667,353.0
"PREDICT_original_vf_Frangi_full_mean_SR(1.0, 10.0)_SS2.0",0.5475599669148056,0.26573762252424726,0.24301451063513288,0.0,378.5,178.5,410.0,322.3333333333333,355.5
"PREDICT_original_vf_Frangi_edge_mean_SR(1.0, 10.0)_SS2.0",0.5475599669148056,0.26573762252424726,0.24301451063513288,0.0,378.5,178.5,410.0,322.3333333333333,355.5
PREDICT_original_tf_Gabor_peak_F0.2_A2.36,0.5981330497459529,0.0212759537766617,0.35892093151054766,0.0,458.5,98.5,410.0,322.3333333333333,355.5
PREDICT_original_tf_Gabor_median_F0.2_A2.36,0.5981330497459529,0.0212759537766617,0.35892093151054766,0.0,458.5,98.5,410.0,322.3333333333333,355.5
PREDICT_original_tf_GLCM_energyd1.0A0.79,0.5260545905707196,0.542479844369036,0.04656750787899419,0.024964256235070703,348.5,428.0,193.0,323.1666666666667,358.0
PREDICT_original_logf_energy_sigma5,0.3873330970105164,0.008330594904692177,0.023005815287718397,0.0,103.5,458.0,410.0,323.8333333333333,359.0
PREDICT_original_tf_GLCMMS_correlationd1.0A1.57mean,0.543069833392414,0.31358433901851734,0.2319253606688059,0.0,372.0,190.0,410.0,324.0,360.0
PREDICT_original_logf_mean_sigma5,0.5963606286186931,0.024050758961743343,0.1923545826046726,0.010503518496679298,455.0,242.0,276.0,324.3333333333333,362.0
PREDICT_original_tf_Gabor_skewness_F0.2_A0.0,0.5676474063570838,0.11329048315813263,0.04373565859974908,0.04068363649249451,417.0,436.0,120.0,324.3333333333333,362.0
PREDICT_original_tf_GLCMMS_correlationd1.0A2.36mean,0.5412974122651542,0.33394301967950246,0.23061030501188187,0.0,369.0,194.0,410.0,324.3333333333333,362.0
PREDICT_original_tf_GLCM_ASMd3.0A0.0,0.5063216353538934,0.8833452608636079,0.045568887458326365,0.0171306797873636,303.5,431.0,239.0,324.5,364.0
PREDICT_original_tf_Gabor_median_F0.2_A1.57,0.5853716176296822,0.04534565049362563,0.3326540267339862,0.0,447.0,117.0,410.0,324.6666666666667,365.0
PREDICT_original_tf_Gabor_peak_F0.2_A1.57,0.5799361928394187,0.06094162877573665,0.3165616352719646,0.0,438.0,129.0,410.0,325.6666666666667,366.0
PREDICT_original_tf_Gabor_median_F0.05_A0.79,0.5699515538225216,0.10139553859243695,0.2833087634375318,0.0,422.0,148.0,410.0,326.6666666666667,367.0
PREDICT_original_logf_range_sigma5,0.48859742408129503,0.790412642010427,0.13424080033330668,0.0,256.0,315.0,410.0,327.0,368.5
PREDICT_original_tf_Gabor_peak_position_F0.05_A0.0,0.5083894600023632,0.8450272775556704,0.07355508572559419,0.011934482655424627,309.0,402.0,270.0,327.0,368.5
"PREDICT_original_vf_Frangi_full_range_SR(1.0, 10.0)_SS2.0",0.4693371144984048,0.4733504660142752,0.12166241171238729,0.0,233.5,341.5,410.0,328.3333333333333,370.5
"PREDICT_original_vf_Frangi_edge_range_SR(1.0, 10.0)_SS2.0",0.4693371144984048,0.4733504660142752,0.12166241171238729,0.0,233.5,341.5,410.0,328.3333333333333,370.5
PREDICT_original_tf_Gabor_skewness_F0.2_A2.36,0.5602032376225925,0.1587878013161983,0.2510514766682132,0.0,406.0,170.0,410.0,328.6666666666667,372.0
PREDICT_original_tf_LBP_range_R8_P24,0.5051400212690536,0.5873495375102951,0.09703322921821715,0.002800263826512772,301.0,370.0,316.0,329.0,373.0
PREDICT_original_tf_GLCM_energyd3.0A0.0,0.5063216353538934,0.8833452608636079,0.00397183591327739,0.020374296074458176,303.5,472.0,214.0,329.8333333333333,374.0
PREDICT_original_tf_Gabor_max_F0.05_A1.57,0.5173697270471465,0.6840950001553975,0.10284151262539862,0.005531650797030219,330.0,363.0,297.0,330.0,375.0
PREDICT_original_tf_GLCM_correlationd1.0A1.57,0.5678837291740517,0.11203513087071948,0.2575115311010992,0.0,419.0,162.0,410.0,330.3333333333333,376.0
PREDICT_original_logf_quartile_range_sigma5,0.4766631218244122,0.5854838971201115,0.034759087577882264,0.004930591228579306,248.0,443.0,302.0,331.0,377.5
PREDICT_original_tf_Gabor_max_F0.05_A2.36,0.5533498759305211,0.20932752394179566,0.12420846832543371,0.013210634838706214,393.0,337.0,263.0,331.0,377.5
PREDICT_original_tf_GLCMMS_correlationd1.0A0.0mean,0.5579581708613967,0.17492139510037175,0.2409893923972747,0.0,403.0,181.0,410.0,331.3333333333333,379.5
PREDICT_original_tf_GLCM_homogeneityd1.0A1.57,0.5069124423963134,0.8724302866097073,0.023483771480446655,0.017941975979094638,306.5,456.0,231.5,331.3333333333333,379.5
PREDICT_original_tf_GLCMMS_homogeneityd1.0A0.79mean,0.5069124423963134,0.8724302866097073,0.02348377148044634,0.017941975979094638,306.5,457.0,231.5,331.6666666666667,381.0
"PREDICT_original_vf_Frangi_inner_kurtosis_SR(1.0, 10.0)_SS2.0",0.42573555476781283,0.0821033448576843,0.04321031795960335,0.0,149.0,437.0,410.0,332.0,382.5
PREDICT_original_tf_Gabor_peak_F0.05_A1.57,0.5376934893063925,0.377752937439334,0.21548703318156484,0.0,365.0,221.0,410.0,332.0,382.5
PREDICT_original_tf_Gabor_quartile_range_F0.05_A1.57,0.6001417936901808,0.01737956838386442,0.32052441355494243,0.0,461.0,127.0,410.0,332.6666666666667,384.0
PREDICT_original_tf_Gabor_max_F0.5_A0.79,0.6225333805978968,0.003428387871042292,0.3406558819111529,0.0,478.0,112.0,410.0,333.3333333333333,385.0
PREDICT_original_tf_LBP_median_R15_P36,0.5053763440860215,0.32791674165378937,0.14664711502135336,0.0,302.0,289.0,410.0,333.6666666666667,387.0
PREDICT_original_logf_mean_sigma10,0.5820630981921304,0.05469006443522285,0.2872498024102142,0.0,445.0,146.0,410.0,333.6666666666667,387.0
PREDICT_original_tf_Gabor_max_F0.5_A2.36,0.620642798062153,0.0038939895169894183,0.3320955624866568,0.0,473.0,118.0,410.0,333.6666666666667,387.0
PREDICT_original_tf_LBP_kurtosis_R15_P36,0.4362519201228879,0.13564283423574655,0.05757559179488052,0.0,173.0,419.0,410.0,334.0,389.0
PREDICT_original_tf_LBP_min_R15_P36,0.5161881129623065,0.4517059414185187,0.097835122192544,0.002395007850604536,321.0,368.0,318.0,335.6666666666667,390.0
PREDICT_original_tf_Gabor_max_F0.2_A2.36,0.5987829374926149,0.016682144135407216,0.164814798606193,0.009125550858321896,460.0,270.0,281.0,337.0,391.0
PREDICT_original_tf_Gabor_peak_position_F0.05_A2.36,0.4768994446413801,0.5883286894717439,0.11537581824717477,0.0,251.0,352.0,410.0,337.6666666666667,392.0
PREDICT_original_hf_max,0.5811178069242585,0.057504659746907175,0.13060715437863232,0.014616346294769489,441.5,323.0,255.0,339.8333333333333,393.0
PREDICT_original_tf_Gabor_min_F0.2_A0.0,0.45586671393123007,0.28340217780678945,0.0736581873226535,0.0,211.0,401.0,410.0,340.6666666666667,394.0
PREDICT_original_tf_GLCM_ASMd1.0A0.79,0.5260545905707196,0.542479844369036,0.005487845797866782,0.02272348673886615,348.5,470.0,205.0,341.1666666666667,395.5
PREDICT_original_tf_GLCM_dissimilarityd3.0A0.0,0.4727637953444405,0.5242862944834019,0.09600933995791526,0.0,240.5,373.0,410.0,341.1666666666667,395.5
PREDICT_original_tf_GLCMMS_dissimilarityd1.0A1.57mean,0.4727637953444405,0.5242862944834019,0.09600933995791525,0.0,240.5,374.0,410.0,341.5,397.0
PREDICT_original_phasef_monogenic_mean_WL3_N5,0.5623301429753043,0.1445670386228297,0.22268625534419556,0.0,409.0,206.0,410.0,341.6666666666667,399.0
PREDICT_original_tf_LBP_std_R8_P24,0.6103036748198039,0.009794561685692118,0.2837299667184241,0.0,468.0,147.0,410.0,341.6666666666667,399.0
PREDICT_original_of_theta_x,0.521446295639844,0.6163033772960509,0.1598054231622895,0.0,340.0,275.0,410.0,341.6666666666667,399.0
PREDICT_original_tf_Gabor_quartile_range_F0.2_A1.57,0.4911969750679428,0.8248985617954052,0.03643156211097351,0.0011608102848854607,263.0,442.0,323.0,342.6666666666667,401.0
PREDICT_original_logf_skewness_sigma1,0.5023041474654378,0.9580496089688872,0.04931419319294006,0.0038516505436603232,297.0,427.0,305.0,343.0,402.0
PREDICT_original_tf_GLCM_correlationd1.0A2.36,0.5366891173342786,0.390764829113328,0.17922713824199357,0.0,363.0,257.0,410.0,343.3333333333333,403.0
PREDICT_original_tf_LBP_range_R15_P36,0.4838118870376935,0.4517059414185187,0.09783512219254402,0.0,254.0,367.0,410.0,343.6666666666667,404.0
PREDICT_original_tf_GLCM_correlationd1.0A0.0,0.5399976367718303,0.349402527565302,0.17958608523370184,0.0,366.0,256.0,410.0,344.0,405.0
PREDICT_original_logf_std_sigma5,0.5095119933829612,0.8247194776769982,0.0602610980012984,0.0033309529441587493,311.0,415.0,309.0,345.0,406.0
PREDICT_original_tf_Gabor_peak_F0.2_A0.79,0.6211745244003308,0.00448047475877626,0.27706861942528155,0.0,476.5,152.5,410.0,346.3333333333333,407.5
PREDICT_original_tf_Gabor_median_F0.2_A0.79,0.6211745244003308,0.00448047475877626,0.27706861942528155,0.0,476.5,152.5,410.0,346.3333333333333,407.5
PREDICT_original_tf_Gabor_skewness_F0.5_A1.57,0.532080822403403,0.45309803853701913,0.06904562221592772,0.011533992445152075,361.0,407.0,272.0,346.6666666666667,409.0
PREDICT_original_tf_GLCM_energyd1.0A1.57,0.543660640434834,0.3069835450085352,0.08368096430544918,0.008683978541749404,373.5,387.0,282.0,347.5,410.0
"PREDICT_original_vf_Frangi_full_max_SR(1.0, 10.0)_SS2.0",0.47678128323289615,0.5873890025667056,0.08501639845136529,0.0,249.5,383.5,410.0,347.6666666666667,411.5
"PREDICT_original_vf_Frangi_edge_max_SR(1.0, 10.0)_SS2.0",0.47678128323289615,0.5873890025667056,0.08501639845136529,0.0,249.5,383.5,410.0,347.6666666666667,411.5
PREDICT_original_tf_Gabor_skewness_F0.5_A0.0,0.4988774666194021,0.9801216549773664,0.10444049649174517,0.0,273.0,361.0,410.0,348.0,413.0
PREDICT_original_tf_Gabor_quartile_range_F0.5_A0.0,0.5463192721257237,0.2695184924377543,0.1788279422943697,0.0,377.0,258.0,410.0,348.3333333333333,414.0
PREDICT_original_tf_Gabor_peak_position_F0.5_A0.0,0.46455157745480324,0.4058326639463654,0.061866328583525,0.0,222.0,414.0,410.0,348.6666666666667,415.0
PREDICT_original_tf_Gabor_quartile_range_F0.2_A2.36,0.5269998818385915,0.4579320293443684,0.14759332600081948,0.0,351.0,287.0,410.0,349.3333333333333,416.0
PREDICT_original_tf_LBP_min_R8_P24,0.49485997873094645,0.5873495375102951,0.09703322921821703,0.0,268.0,371.0,410.0,349.6666666666667,417.0
PREDICT_original_logf_median_sigma5,0.564457048328016,0.13134331542116803,0.20775594930321126,0.0,413.0,229.0,410.0,350.6666666666667,418.0
PREDICT_original_tf_Gabor_min_F0.5_A0.79,0.47648587971168616,0.5684665741666295,0.07862024509368384,0.0,247.0,396.0,410.0,351.0,419.0
PREDICT_original_phasef_monogenic_kurtosis_WL3_N5,0.565638662412856,0.1244131906810106,0.20428520464156152,0.0,414.0,231.0,410.0,351.6666666666667,420.0
PREDICT_original_tf_Gabor_range_F0.2_A1.57,0.5510457284650833,0.2276853458462026,0.0075018416325378316,0.022741133257556,387.0,468.0,204.0,353.0,421.0
PREDICT_original_phasef_monogenic_peak_position_WL3_N5,0.5304265626846272,0.4755452704054888,0.14302609336758307,0.0,355.5,294.5,410.0,353.3333333333333,422.5
PREDICT_original_phasef_monogenic_peak_WL3_N5,0.5304265626846272,0.4755452704054888,0.14302609336758307,0.0,355.5,294.5,410.0,353.3333333333333,422.5
PREDICT_original_logf_peak_sigma5,0.5505140021269054,0.23714848066730132,0.16777022817429002,0.0,385.0,266.0,410.0,353.6666666666667,424.5
PREDICT_original_logf_quartile_range_sigma10,0.5161290322580645,0.7065345726501846,0.1259967949611655,0.0,320.0,331.0,410.0,353.6666666666667,424.5
PREDICT_original_tf_GLCMMS_homogeneityd1.0A0.0mean,0.4685099846390169,0.46147652928157623,0.05380596222488713,0.0,228.5,423.0,410.0,353.8333333333333,426.0
PREDICT_original_tf_Gabor_quartile_range_F0.2_A0.0,0.5144156918350467,0.7018216348124482,0.1257603593923038,0.0,319.0,333.0,410.0,354.0,427.0
PREDICT_original_tf_GLCM_homogeneityd1.0A0.0,0.4685099846390169,0.46147652928157623,0.053805962224887066,0.0,228.5,424.0,410.0,354.1666666666667,428.0
PREDICT_original_phasef_monogenic_min_WL3_N5,0.5531135531135531,0.18405335320823502,0.17303664912312672,0.0,391.0,264.0,410.0,355.0,429.0
PREDICT_original_tf_GLCM_correlationd3.0A1.57,0.5247548150773957,0.562849712750913,0.1352898090921312,0.0,345.0,311.0,410.0,355.3333333333333,430.0
PREDICT_original_tf_GLCM_homogeneityd1.0A0.79,0.47217298830202054,0.5153082206144377,0.057143770544398474,0.0,237.5,420.0,410.0,355.8333333333333,431.0
PREDICT_original_tf_Gabor_min_F0.2_A2.36,0.4529126787191303,0.2448635037734439,0.028952983034488494,0.0,206.0,452.0,410.0,356.0,432.0
PREDICT_original_tf_GLCMMS_homogeneityd1.0A0.0std,0.47217298830202054,0.5153082206144377,0.0571437705443983,0.0,237.5,421.0,410.0,356.1666666666667,433.0
PREDICT_original_tf_GLCM_correlationd3.0A2.36,0.5201465201465202,0.6378957679411839,0.12897838205383375,0.0,335.0,327.0,410.0,357.3333333333333,434.0
PREDICT_original_sf_convexity_avg_2.5D,0.6004962779156328,0.018611894684200356,0.03247484072530882,0.03114802933144989,462.0,448.0,163.0,357.6666666666667,435.0
PREDICT_original_tf_Gabor_min_F0.05_A2.36,0.4914332978849108,0.8405282095856261,0.06737204559435324,0.0,264.0,408.0,410.0,360.6666666666667,436.0
PREDICT_original_logf_min_sigma10,0.5206191657804561,0.6300071053556544,0.12416025315744572,0.0,337.0,338.0,410.0,361.6666666666667,437.5
PREDICT_original_tf_Gabor_std_F0.05_A1.57,0.4924967505612667,0.861539545869975,0.06410923063320978,0.0,265.0,410.0,410.0,361.6666666666667,437.5
PREDICT_original_tf_Gabor_skewness_F0.05_A2.36,0.489070069715231,0.7989541499867007,0.05834588237743149,0.0,260.0,418.0,410.0,362.6666666666667,439.0
PREDICT_original_phasef_phasecong_mean_WL3_N5,0.5860805860805861,0.04385657790742278,0.12532014664180016,0.003831494069699959,449.0,335.0,306.0,363.3333333333333,440.0
PREDICT_original_tf_LBP_std_R15_P36,0.5680018905825357,0.11141158233301372,0.1773612736371153,0.0,420.0,261.0,410.0,363.6666666666667,441.0
PREDICT_original_tf_Gabor_min_F0.2_A1.57,0.4822757887274016,0.662773051406832,0.045905098357601044,0.0,253.0,430.0,410.0,364.3333333333333,442.0
PREDICT_original_sf_cvar_std_2.5D,0.46803733900508093,0.45476683408514074,0.02131445817759975,0.0,227.0,459.0,410.0,365.3333333333333,443.0
PREDICT_original_tf_Gabor_std_F0.2_A1.57,0.4984048209854661,0.9712900621071127,0.05590330191978995,0.0,272.0,422.0,410.0,368.0,444.0
PREDICT_original_tf_Gabor_quartile_range_F0.5_A0.79,0.5486825002954036,0.22996407621891002,0.13177527811873543,0.0,381.0,322.0,410.0,371.0,445.0
PREDICT_original_tf_GLCM_ASMd1.0A1.57,0.543660640434834,0.3069835450085352,0.027241879176606167,0.007918168265069747,373.5,454.0,286.0,371.1666666666667,446.5
PREDICT_original_tf_GLCM_ASMd3.0A0.79,0.5045492142266336,0.9162151030661845,0.07037297695992416,0.0,298.5,405.0,410.0,371.1666666666667,446.5
PREDICT_original_tf_Gabor_peak_position_F0.05_A1.57,0.5171334042301784,0.6886790505156106,0.08691535690851743,0.0,325.0,380.0,410.0,371.6666666666667,448.0
PREDICT_original_logf_min_sigma1,0.48871558548977906,0.7925457036886614,0.02709004332816819,0.0,257.0,455.0,410.0,374.0,449.0
PREDICT_original_phasef_phasecong_quartile_range_WL3_N5,0.56575682382134,0.09655434667133363,0.06271194390526874,0.0041630164120916024,415.0,412.0,304.0,377.0,450.0
PREDICT_original_logf_quartile_range_sigma1,0.48954271534916693,0.8075197834294419,0.006519772074722917,0.0,261.0,469.0,410.0,380.0,451.5
PREDICT_original_logf_mean_sigma1,0.553822521564457,0.20779136436487944,0.12441181706810753,0.0,394.0,336.0,410.0,380.0,451.5
PREDICT_original_logf_kurtosis_sigma1,0.4955689471818504,0.9184121637289367,0.017334816564568215,0.0,270.0,461.0,410.0,380.3333333333333,453.0
PREDICT_original_logf_peak_sigma10,0.5175469691598724,0.6819993491049229,0.07415957911960815,0.0,332.0,400.0,410.0,380.6666666666667,454.0
PREDICT_original_tf_GLCM_ASMd3.0A2.36,0.5122297057780929,0.7755259869789234,0.04552061903861567,0.0,315.5,432.0,410.0,385.8333333333333,455.0
PREDICT_original_logf_median_sigma10,0.5070306038047974,0.8702500727411151,0.038119838979053196,0.0,308.0,440.0,410.0,386.0,456.0
PREDICT_original_logf_std_sigma1,0.5294812714167553,0.49060088753861564,0.07669277911669789,0.0,353.0,398.0,410.0,387.0,457.0
PREDICT_original_tf_GLCM_energyd3.0A0.79,0.5045492142266336,0.9162151030661845,0.02888663095878928,0.0,298.5,453.0,410.0,387.1666666666667,458.0
PREDICT_original_tf_GLCM_energyd1.0A0.0,0.5251092993028477,0.5572578539929142,0.06400241402524018,0.0,346.5,411.0,410.0,389.1666666666667,459.0
PREDICT_original_tf_Gabor_peak_position_F0.2_A1.57,0.5048446177478435,0.9104013984183433,0.016151588115034244,0.0,300.0,462.0,410.0,390.6666666666667,460.0
PREDICT_original_tf_LBP_quartile_range_R8_P24,0.532907952262791,0.36867684913242815,0.07321236220478007,0.0,362.0,403.0,410.0,391.6666666666667,461.0
PREDICT_original_logf_max_sigma1,0.5266453976131396,0.5333438514184323,0.05922774079931701,0.0,350.0,416.0,410.0,392.0,462.0
PREDICT_original_logf_range_sigma1,0.5173106463429044,0.6860662457084361,0.04267938315406724,0.0,329.0,438.0,410.0,392.3333333333333,463.0
PREDICT_original_phasef_phasesym_min_WL3_N5,0.5,1.0,0.0,0.0,284.5,484.5,410.0,393.0,472.5
PREDICT_original_tf_LBP_median_R8_P24,0.5,1.0,0.0,0.0,284.5,484.5,410.0,393.0,472.5
PREDICT_original_tf_LBP_peak_position_R15_P36,0.5,1.0,0.0,0.0,284.5,484.5,410.0,393.0,472.5
PREDICT_original_tf_LBP_peak_R15_P36,0.5,1.0,0.0,0.0,284.5,484.5,410.0,393.0,472.5
PREDICT_original_tf_LBP_range_R3_P12,0.5,1.0,0.0,0.0,284.5,484.5,410.0,393.0,472.5
PREDICT_original_phasef_phasesym_peak_position_WL3_N5,0.5,1.0,0.0,0.0,284.5,484.5,410.0,393.0,472.5
PREDICT_original_phasef_phasecong_peak_WL3_N5,0.5,1.0,0.0,0.0,284.5,484.5,410.0,393.0,472.5
PREDICT_original_phasef_phasecong_peak_position_WL3_N5,0.5,1.0,0.0,0.0,284.5,484.5,410.0,393.0,472.5
PREDICT_original_tf_LBP_peak_position_R8_P24,0.5,1.0,0.0,0.0,284.5,484.5,410.0,393.0,472.5
PREDICT_original_tf_LBP_peak_position_R3_P12,0.5,1.0,0.0,0.0,284.5,484.5,410.0,393.0,472.5
PREDICT_original_phasef_phasecong_min_WL3_N5,0.5,1.0,0.0,0.0,284.5,484.5,410.0,393.0,472.5
PREDICT_original_phasef_phasesym_peak_WL3_N5,0.5,1.0,0.0,0.0,284.5,484.5,410.0,393.0,472.5
PREDICT_original_tf_LBP_peak_R8_P24,0.5,1.0,0.0,0.0,284.5,484.5,410.0,393.0,472.5
PREDICT_original_tf_LBP_max_R3_P12,0.5,1.0,0.0,0.0,284.5,484.5,410.0,393.0,472.5
PREDICT_original_tf_LBP_max_R8_P24,0.5,1.0,0.0,0.0,284.5,484.5,410.0,393.0,472.5
PREDICT_original_tf_LBP_max_R15_P36,0.5,1.0,0.0,0.0,284.5,484.5,410.0,393.0,472.5
PREDICT_original_tf_LBP_min_R3_P12,0.5,1.0,0.0,0.0,284.5,484.5,410.0,393.0,472.5
PREDICT_original_tf_LBP_peak_R3_P12,0.5,1.0,0.0,0.0,284.5,484.5,410.0,393.0,472.5
PREDICT_original_tf_GLCM_ASMd3.0A1.57,0.5206191657804561,0.6300071053556544,0.044478980701670175,0.0,337.0,434.0,410.0,393.6666666666667,482.0
PREDICT_original_phasef_phasecong_range_WL3_N5,0.5708377643861515,0.09725206832340862,0.12007592598686902,0.0,424.5,348.5,410.0,394.3333333333333,484.5
PREDICT_original_tf_Gabor_range_F0.2_A0.0,0.5719602977667494,0.08925465125571277,0.1211385944071048,0.0,429.0,344.0,410.0,394.3333333333333,484.5
PREDICT_original_phasef_phasecong_max_WL3_N5,0.5708377643861515,0.09725206832340862,0.12007592598686902,0.0,424.5,348.5,410.0,394.3333333333333,484.5
PREDICT_original_tf_Gabor_skewness_F0.5_A0.79,0.5618574973413684,0.14763969574484956,0.09864835603986574,0.0,407.0,366.0,410.0,394.3333333333333,484.5
PREDICT_original_tf_GLCM_energyd3.0A2.36,0.5122297057780929,0.7755259869789234,0.004502790542968892,0.0,315.5,471.0,410.0,398.8333333333333,487.0
PREDICT_original_tf_Gabor_std_F0.2_A0.0,0.5297175942337232,0.4871239913868892,0.03806214639351425,0.0,354.0,441.0,410.0,401.6666666666667,488.0
PREDICT_original_tf_GLCM_energyd3.0A1.57,0.5206191657804561,0.6300071053556544,0.01263620038234049,0.0,337.0,464.0,410.0,403.6666666666667,489.0
PREDICT_original_tf_Gabor_std_F0.5_A1.57,0.5567765567765568,0.18388952137353232,0.07300327563570284,0.0,399.0,404.0,410.0,404.3333333333333,490.0
PREDICT_original_tf_GLCM_ASMd1.0A0.0,0.5251092993028477,0.5572578539929142,0.021297228398386915,0.0,346.5,460.0,410.0,405.5,491.0
PREDICT_original_tf_LBP_skewness_R15_P36,0.5637480798771122,0.13564283423574655,0.07022479215469081,0.0,412.0,406.0,410.0,409.3333333333333,492.0
PREDICT_original_tf_Gabor_std_F0.2_A2.36,0.5508684863523573,0.23386969520243828,0.0015677066111886699,0.0,386.0,475.0,410.0,423.6666666666667,493.0
